﻿label,sentence,pubmed_id
P,Inclusion criteria were patients ≥65 years with a recent coronary event defined as acute myocardial infarction (MI),
P,"The aim of this study is, in a randomised design, to compare the effect of home-based CR with usual care (no rehabilitation) in a population of patients ≥65 years with coronary heart disease, who declined participation in a centre-based CR programme.?",
P,To compare home-based cardiac rehabilitation with usual care in elderly patients with coronary heart disease who decline participation in a centre-based rehabilitation programme.?,
I,The home programme Patients received two home visits by a physiotherapist in a 6-week interval with the purpose of creating a training programme that could be performed at home and outside in local surroundings.?,
I,"The aim of this study is, in a randomised design, to compare the effect of home-based CR with usual care (no rehabilitation) in a population of patients ≥65 years with coronary heart disease, who declined participation in a centre-based CR programme.",
I,To compare home-based cardiac rehabilitation with usual care in elderly patients with coronary heart disease who decline participation in a centre-based rehabilitation programme.?,
O,"The sec- ondary outcomes were: sit to stand test (STS), self- reported level of physical activity, systolic and diastolic blood pressure, total-cholesterol, HDL-cholesterol and LDL-cholesterol, body mass index, waist-hip ratio, propor- tion of smokers, health-related quality of life (HRQoL) measured by SF-12, and anxiety and depression estimated by Hospital Anxiety and Depression Scale (HADS).?",
O,"Outcome measures Because many patients, owing to age and comorbidity, were not able to perform a symptom-limited exercise capacity test, the primary outcome was change in exercise capacity determined by 6 min walk test (6MWT).?",
O,"There were no significant differences in clinical status, exercise capacity, laboratory values, HRQoL or anxiety and depression score at 3 and 12 months follow-up either within or between the groups.?",
