{"filename": ["C:/Users/Pearl/Desktop/\u4eba\u5de5\u6807\u6ce8/reducedwork/PIO/tabula-55", ".csv"], "content": [{"Title": "CvLPRIT 2015", "Methods": "RCT multi-centre.Randomisation ratio: 1:1.Number of study centres: 7 centres in the UK.", "Participants": "Inclusion criteria: suspected or confirmed acute MI, significant ST elevation or LBBBon ECG (in cases of LBBB, angiographic confirmation of culprit coronary occlusionwas required), < 12 hours of symptom onset, scheduled for P-PCI for clinical reasons,provision of verbal assent followed by written informed consent, MVD, the non-culpritvessel had to be a major (> 2 mm) epicardial coronary artery or branch (> 2 mm) andbe suitable for stent implantationExclusion criteria: any exclusion criteria for P-PCI; aged < 18 years; clear indication for,or contraindication to, multi-vessel P-PCI according to operator judgement; previousQ-wave MI; people with prior CABG, cardiogenic shock, ventricular septal defect, ormoderate/severe mitral regurgitation; chronic kidney disease (Cr > 200 \u03bcmol/L or eGFR< 30 mL/minute/1.73 m2); suspected or confirmed thrombosis of a previously stentedartery; where the only significant non-IRA lesion is a chronic total occlusionDiagnostic criteriaMVD: culprit vessel plus at least 1 non-culprit coronary artery with at least 1 lesiondeemed angiographically significantSignificant stenosis: > 70% diameter stenosis in 1e plane or > 50% in 2 planes.Sample size: complete revascularisation n = 150 and culprit-only revascularisation n =146", "Interventions": "Complete revascularisation: complete revascularisation at the same procedure, unlessoperator decided, for clinical reasons, that the procedure needed to be staged, in the casesof staged intervention, it was mandated that the non-culprit lesions be treated duringthe index admissionCulprit-only revascularisation: intervention on the culprit artery unless participantneeded revascularisation based on ischaemic symptoms or significant ischaemia evi-denced in imaging tests", "Outcomes": "Primary: composite of all-cause mortality, recurrent MI, heart failure, and ischaemia-driven revascularisation within 12 months after index procedureSecondary: cardiovascular death, individual components of the primary endpoint,stroke, major bleeding, and contrast-induced nephropathy"}, {"Title": "Dambrink and Ghani 2010", "Methods": "RCT.Randomisation ratio: 2:1.Number of study centres: 1 centre in the Netherlands.", "Participants": "Inclusion criteria: MVD with successful P-PCI for STEMI.Exclusion criteria: urgent indication for additional revascularisation, aged > 80 years,chronic occlusion of 1 of the non-culprit artery(ies), prior CABG, left main stenosis of\u2265 50%, restenotic lesions in non-culprit artery(ies), chronic atrial fibrillation, limitedlife-expectancy, or other factors that made complete follow-up unlikelyDiagnostic criteriaMVD: \u2265 1 significant stenosis in at least 2 major epicardial coronary arteries or thecombination of a side branch and a main epicardial vessel provided that they supplieddifferent territoriesSignificant stenosis: diameter \u2265 50% in luminal diameter in at least 1 view. FFR < 0.75 defined ischaemic stenosis and those were intervened only, and > 90% stenosis wereintervened without FFR measurementSample size: complete revascularisation n = 80 and culprit-only revascularisation n = 41", "Interventions": "Complete revascularisation: staged intervention on significant stenotic non-culpritlesions compatible with ischaemia (FFR < 0.75) with plain angioplasty, BMS, or DESCulprit-only revascularisation: medical management after P-PCI of culprit artery onlyunless ischaemic symptoms were elicited with exercise testing, dobutamine stress echocar-diography, or myocardial scintigraphy, in those cases ischaemia-guided revascularisationwas performed", "Outcomes": "Primary: EF at 6 months.Secondary: change in EF, wall motion score, left ventricle end-systolic and end-diastolicvolume, and MACE"}, {"Title": "DANAMI-3-PRIMULTI 2015", "Methods": "RCT multi-centre.Randomisation ratio: 1:1.Number of study centres: 2 centres in Denmark.", "Participants": "Inclusion criteria: chest pain < 12 hours\u2019 duration and ST elevation > 0.1 mV in at least2 contiguous leads and with diameter stenosis of > 50% in \u2265 non-culprit artery(ies)Exclusion criteria: intolerance to contrast media, anticoagulant, antithrombotic drugs,unconsciousness or cardiogenic shock, stent thrombosis, indications for CABG, or in-creased bleeding riskDiagnostic criteriaMVD: significant stenosis in \u2265 1 of the non-culprit artery(ies) or their major sidebranches in addition to that in the culprit arterySignificant stenosis: > 50% stenosis visually in arteries > 2 mm diameter and FFR \u2264 0.8 or > 90% stenosis visually regardless FFR measurementSample size: complete revascularisation n = 314 and culprit-only revascularisation n =313", "Interventions": "Complete revascularisation: PCI of culprit and in a second intervention 48 hoursafter P-PCI and before discharge, FFR-guided PCI in all non-culprit significant stenoticlesions and > 90% stenotic despite FFR measurementCulprit-only revascularisation: Intervention on the culprit-only.", "Outcomes": "Primary: composite of all-cause mortality, non-fatal MI, and ischaemia-driven (subjec-tive or objective) revascularisation of lesions in non-culprit artery(ies) 1 year\u2019 follow-upSecondary: all-cause mortality, non-fatal MI, cardiac death, urgent or non-urgent PCIof lesions in non-culprit artery(ies)"}, {"Title": "Estevez Loureiro 2014", "Methods": "RCT.Randomisation ratio: 1:1.Number of study centres: not described in abstract.", "Participants": "Inclusion criteria: people with STEMI and MVD.Exclusion criteria: not described in abstract.Diagnostic criteriaMVD: not described in abstract.Significant stenosis: not described in abstract.Sample size: complete revascularisation n = 100 and culprit-only revascularisation n =99", "Interventions": "Invasive: staged complete intervention after P-PCI.Conservative: intervention of culprit-only, unless participants had residual ischaemiabased on stress echocardiogram, these participants would go for staged intervention", "Outcomes": "Primary: composite of cardiovascular death, non-fatal MI, revascularisation of any vessel,or admission due to heart failureSecondary: not described in abstract."}, {"Title": "HELP AMI 2004", "Methods": "RCT multi-centre.Randomisation ratio: 3:1.Number of study centres: not described in the article.", "Participants": "Inclusion criteria: ischaemic chest pain started < 12 hours before hospital admissionwith or without ST-segment elevation of \u2265 1 mm in \u2265 2 contiguous electrocardiographicleads (peripheral leads) or 2 mm in the precordial leads. MVD amenable to angioplastyof at least 2 lesions (culprit artery and \u2265 1 (maximum 3) lesions in a major non-culpritcoronary artery(ies))Exclusion criteria: presence of significant lesions in vein grafts or arterial conduits orin segments previously treated with angioplasty or stent, recent thrombolysis (< 1 week), cardiogenic shock, defined as hypotension with systolic blood pressure < 90 mmHgand tachycardia > 100 beats/minute, not due to hypovolaemia or requiring inotropicsupport or balloon counter pulsation. Single-vessel disease, left main stenosis of \u2265 50%,intention to treat > 1 totally occluded major epicardial vessel, diffuse calcification orsevere tortuosity in the culprit and non-culprit arteries preventing the implantation ofthe study stents. A sided branch > 2 mm which required being covered by the stent,unless the operator was willing and technically able to maintain patency of this sidebranch with either further balloon angioplasty or stent placementDiagnostic criteriaMVD: not defined in the article.Significant stenosis: not defined in the article.Sample size: complete revascularisation n = 53 and culprit-only revascularisation n = 17", "Interventions": "Complete revascularisation: PCI of all, culprit and non-culprit coronary artery lesionssuitable to intervention with a heparin-coated stentCulprit-only revascularisation: PCI of culprit artery only and intervention on non-culprit artery(ies) was performed at discretion of the investigator, based on clinical status(persistent or recurrent angina), evidence of ischaemia in non-invasive tests (perfusionscintigraphy or stressrelevance of the affected vessels as well as organisationcentres", "Outcomes": "Primary: 12-month revascularisation.Secondary: in-hospital revascularisation, reinfarction, and death. Procedural in-hospitaland total hospital cost, 12 months\u2019 follow-up"}, {"Title": "Politi 2009", "Methods": "RCT.Number of study centres: not described.", "Participants": "Inclusion criteria: people with prolonged (> 30 minutes) chest pain, started < 12 hoursbefore hospital arrival and ST elevation of \u2265 1 mm in \u2265 2 contiguous limb electrocar-diographic leads or 2 mm in precordial leadsExclusion criteria: cardiogenic shock at presentation (systolic blood pressure \u2264 90mmHg despite drug therapy), left main coronary disease (\u2265 50% diameter stenosis),previous CABG surgery, severe valvular heart disease, and unsuccessful proceduresDiagnostic criteriaMVD: stenosis of \u2265 2 epicardial coronary arteries or their major branches by visualestimationSignificant stenosis: > 70% diameter.Sample size: complete revascularisation n = 130 (65 staged and 65 at index procedurecomplete revascularisation) and culprit-only revascularisation n = 84", "Interventions": "Complete revascularisation: revascularisation of all, culprit and non-culprit significantstenosis at the index procedure or stagedCulprit-only revascularisation: intervention on the culprit vessel only.", "Outcomes": "Primary: MACE, cardiac or non-cardiac death, in-hospital death, re-infarction, re-hos-pitalisation for acute coronary syndrome, and revascularisationSecondary: not mentioned."}, {"Title": "PRAGUE-13 2015", "Methods": "RCT multi-centre.Randomisation ratio: 1:1.Number of study centres: 6 centres in Czech Republic.", "Participants": "Inclusion criteria: people with STEMI, angiographically successfulculprit artery (TIMI flow grades II or III), \u2265 1 other significant stenoses of non-culpritartery(ies) found by coronary angiography (diameter of artery \u2265 2.5 mm), enrolment \u226548 hours following onset of symptomsExclusion criteria: stenosis of the left main of left coronary artery \u2265 50%, haemodynam-ically significant valvular disease, people in cardiogenic shock during STEMI, haemo-dynamic instability, angina pectoris > grade 2 CCS lasting 1 month prior to STEMIDiagnostic criteriaMVD: \u2265 1 vessel, beside of the culprit vessel, with significant stenosisSignificant stenosis: > 70% stenosis of non-culprit artery(ies).Sample size: complete revascularisation n = 106 and culprit-only revascularisation n =108", "Interventions": "Complete revascularisation: PCI of the culprit artery and staged intervention for thenon-culprit artery(ies) between days 3 and 40 after the index procedureCulprit-only revascularisation: intervention on the culprit artery only.", "Outcomes": "Primary: composite endpoint of death, non-fatal acute MI, and strokeSecondary: cardiovascular death, recurrent MI, target vessel failure, progression of stud-ied stenosis of non-culprit artery, stroke, hospitalisation for heart failure, changes in leftventricular EF, hospitalisation for unstable angina pectoris, outcomes of questionnaireregarding angina pectoris, target vessel revascularisation, non-culprit target lesion revas-cularisation"}, {"Title": "PRAMI 2013", "Methods": "RCT multi-centre.Randomisation ratio: 1:1.Number of study centres: 5 centres in the UK.", "Participants": "Inclusion criteria: people of any age with STEMI and MVD detected at the time ofangiographyExclusion criteria: cardiogenic shock, unable to provide consent, previous CABG, non-infarct artery stenosis of \u2265 50% in the left main stem or the ostial branch of both theleft anterior descending and circumflex arteries (because these are indications for CABG), or if the only non-infarct stenosis was a chronic total occlusion (because it was felt thatPCI in such circumstances was contraindicated owing to a low success rate)Diagnostic criteriaMVD: presence of significant stenosis in \u2265 1 coronary artery other than the culprit vesselSignificant stenosis: stenosis \u2265 50%.Sample size: complete revascularisation n = 234 and culprit-only revascularisation n =231", "Interventions": "Complete revascularisation: intervention on all, culprit and non-culprit arteries withstenosis of \u2265 50%Culprit-only revascularisation: PCI of culprit vessel only, except in people with refrac-tory angina with objective evidence of ischaemia which may require staged intervention", "Outcomes": "Primary: composite of death from cardiac causes, non-fatal MI, or refractory anginaSecondary: death from non-cardiac causes and revascularisation procedure"}, {"Title": "Zhang 2015", "Methods": "RCT.Randomisation ratio: 1:1.Number of study centres: not mentioned in the study.", "Participants": "Inclusion criteria: people with STEMI, non-culprit artery(ies) with significant stenosis,blood vessel > 2.5 mm and suitable for PCIExclusion criteria: cardiogenic shock, CABG, undetermined culprit vessel, person re-fused PCI, non-culprit vessel occlusion is chronic, blood vessel diameter < 2.5 mm,lesions non-suitable for PCI, non-culprit vessel stenosis > 90%Diagnostic criteriaMVD: non-culprit vessel significant stenosis.Significant stenosis: between 75% and 90%.Sample size: complete revascularisation n = 215 and culprit-only revascularisation n =213", "Interventions": "Complete revascularisation: PCI of the culprit vessel and staged intervention for thenon-culprit lesions between days 7 and 10 after the index procedureCulprit-only revascularisation: PCI of culprit vessel only and intervention on non-culprit vessels was performed if participant had evidence of ischaemia (symptoms, ECGchanges, or nuclear study consistent with ischaemia)", "Outcomes": "All-cause mortality, MACE (MI and cardiac death), hospitalisation due to cardiac reasons(angina, heart failure, re-hospitalisation for PCI), total hospitalisation time, stent numberand hospital cost"}]}