{"filename": ["C:/Users/Pearl/Desktop/\u4eba\u5de5\u6807\u6ce8/PIO/tabula-Cardiotocography versus intermittent auscultation of fetal", ".csv"], "content": [{"Title": "Cheyne 2003", "Methods": "Study design: RCT.Duration of study: 1999.", "Participants": "Setting: Glasgow Royal Maternity Hospital, Scotland.Inclusion criteria: healthy women who had experienced a normal pregnancy, presentedat term in spontaneous labour and were eligible for admission to the Midwives BirthUnit.Exclusion criteria: women with risk factors.Participants randomised: 334 women (157 admission CTG (referred to as \u2019controlgroup\u2019 in paper), 177 intermittent auscultation (referred to as \u2019study group\u2019 in paper))Randomisation on admission in labour.", "Interventions": "Admission CTG: a routine 20-minute period of EFM at the time of admission.Intermittent auscultation: the fetal heart was auscultated during and immediately fol-lowing a contraction for a minimum of 60 seconds", "Outcomes": "Outcomes considered in the review and reported in or extracted from the study:\u2022 caesarean section;\u2022 instrumental vaginal birth;\u2022 continuous EFM during labour;\u2022 amniotomy;\u2022 oxytocin for augmentation of labour;\u2022 epidural;\u2022 fetal blood sampling;\u2022 fetal and neonatal deaths;\u2022 Apgar score < 7 at or after 5 minutes;\u2022 admission to neonatal intensive care."}, {"Title": "Impey 2003", "Methods": "Study design: RCT.Duration of study: 1997 to 2001.", "Participants": "Setting: National Maternity Hospital in Dublin, Ireland.Inclusion criteria: women were eligible for inclusion if they were admitted in labour,a singleton pregnancy, fewer than 42 completed weeks of gestation, no suspicion orevidence of antenatal fetal compromise, no adverse obstetric history, clear amniotic fluid,and maternal temperature of 37.5\u00b0C or less at admission.Participants randomised: 8628 women (4320 admission CTG, 4308 intermittent aus-cultation)Randomisation on admission in labour.A relatively small number (fewer than 5%) of women who had a previous caesareansection and who went into labour prior to 37 completed weeks\u2019 gestation were includedin this study and were randomised. The trial author kindly provided data separately forthe outcomes for women (i) between 37 and 42 completed weeks with (ii) an absence ofprevious caesarean section and these data were used in the main analyses for this review.Sensitivity analyses were conducted in which the outcomes for all randomised womenwere used", "Interventions": "Admission CTG: a 20-minute admission CTG immediately after early amniotomy doneon diagnosis of labour in women presenting to the delivery wardIntermittent auscultation: intermittent auscultation was used for 1 minute after a con-traction every 15 minutes in the first stage and every 5 minutes in the second stage oflabour. This was done after early amniotomy on diagnosis of labour in women presentingto the delivery ward", "Outcomes": "Outcomes considered in the review and reported in or extracted from the study:\u2022 caesarean section;\u2022 instrumental vaginal birth;\u2022 continuous EFM during labour;\u2022 oxytocin for augmentation of labour;\u2022 epidural;\u2022 fetal blood sampling;\u2022 fetal and neonatal deaths;\u2022 Apgar score < 7 at or after 5 minutes;\u2022 neonatal seizures;\u2022 admission to neonatal intensive care;\u2022 length of stay in neonatal intensive care (hours)."}, {"Title": "Mires 2001", "Methods": "Study design: RCT.Duration of study: not stated.", "Participants": "Setting: Dundee, Scotland.Inclusion criteria: \u201cWomen were eligible tohospital delivery, attended a hospital or community based consultant led clinic in thethird trimester of pregnancy, and had no obstetric complications at that visit that wouldwarrant continuous intrapartum monitoring ofin previous or index pregnancy; essential hypertension; diabetes (insulin dependent orgestational); suspected intrauterine growth restriction; placental abruption or praevia orvaginal bleeding of unknown origin; multiple pregnancy; fetal malformation; previouscaesarean section; breech presentation; or rhesus isoimmunisation).\u201dParticipants randomised: 3752 women randomised. \u201cNo data collected n = 1\u201d (1866admission CTG, 1885 intermittent auscultation)A total of 3752 women were recruited to the study and randomised during the thirdtrimester. However, some women developed an obstetric complication between randomi-sation and admission in labour that warranted continuous FHR monitoring in labour,such that only 2367 women were judged to be low-risk when in labour (1186 admissionCTG, 1181 intermittent auscultation). The trial author kindly provided data separatelyfor the outcomes in this subgroup of women and these data are used in the main analysesin this review. Sensitivity analyses were done in which the outcomes for all randomisedwomen were used", "Interventions": "Admission CTG: a 20-minute CTG on admission in spontaneous uncomplicated labourIntermittent auscultation: auscultation of the fetal heart with a hand-held Dopplerdevice during and immediately after at least 1 contraction", "Outcomes": "Outcomes considered in the review and reported in or extracted from the study:\u2022 caesarean section;\u2022 instrumental vaginal birth;\u2022 continuous EFM during labour;\u2022 amniotomy;\u2022 oxytocin for augmentation of labour;\u2022 epidural;\u2022 fetal blood sampling;\u2022 fetal and neonatal deaths;\u2022 evidence of fetal multi-organ compromise within the first 24 hours after birth;\u2022 Apgar score < 7 at or after 5 minutes;\u2022 hypoxic ischaemic encephalopathy;\u2022 admission to neonatal intensive care;\u2022 length of stay in neonatal intensive care (days).", "Notes": "See Participants (above)This study was funded by Chief Scientists Office of the Scottish Executive, EdinburghDeclarations of interest: none declared."}, {"Title": "Mitchell 2008", "Methods": "Study design: RCT.Duration of study: 2002 to 2006.", "Participants": "Setting: Buckinghamshire, England.Inclusion criteria: labouring women considered to be \u201clow risk\u201d of fetal or maternalcomplications on admissionExclusion criteria: any minor maternal medical complication, e.g. diabetes or essentialhypertension; previous caesarean section; preterm labour (< 37 completed weeks); mul-tiple pregnancy; prolonged pregnancy (> 42 completed weeks); prolonged membranerupture (more than 24 hours); induction of labour; meconium-stained liquor; maternalpyrexia; rhesus sensitisation; polyhydramnios; oligohydramnios; pre-eclampsia or bloodpressure over 140/90 mmHg; abnormal presentation or lie (e.g. breech, transverse); highhead (5/5ths palpable per abdomen); antepartum or intrapartum haemorrhage; knownor suspected intrauterine growth retardation; any known or suspected fetal medical com-plication; abnormal Doppler artery velocimetry; known fetal malformation; poor ob-stetric history (e.g. history of stillbirth); un-booked.Participants randomised: 582 women randomised (298 admission CTG, 284 inter-mittent auscultation)Randomisation on admission in labour.", "Interventions": "Admission CTG: a 15-minute CTG on admission in spontaneous uncomplicated labourIntermittent auscultation: auscultation of the fetal heart for one continuous minuteusing a Pinard stethoscope or Doppler ultrasound device, after a contraction, at leastevery 15 minutes in the first stage of labour, and every 5 minutes in the second stage oflabour", "Outcomes": "Outcomes considered in the review and reported in or extracted from the study:\u2022 caesarean section;\u2022 instrumental vaginal birth;\u2022 oxytocin for augmentation of labour;\u2022 fetal and neonatal deaths;\u2022 Apgar score < 7 at or after 5 minutes;\u2022 admission to neonatal intensive care.", "Notes": "See Participants.The study was funded by Buckinghamshire Hospitals NHS Trust\u2019s Research Departmentand through the establishment of a research midwife role within the maternity unitDeclaration of interest not mentioned."}]}