{"filename": ["C:/Users/Pearl/Desktop/\u4eba\u5de5\u6807\u6ce8/PIO/tabula-Clinical service organisation for heart failure (Review)", ".csv"], "content": [{"Title": "Aldamiz-Echevarria 2007", "Methods": "Single centre RCTRecruitment dates: Feb 2001- June 2002Follow up: 12 months", "Participants": "Country: SpainN Randomised: 279intervention (n=137) vs. control (n=142)Mean (SD) age: 75.3 (11.1) vs. 76.3 (9.4)Percentage male: 38.7 vs. 40.1Ethnicity: not statedNYHA functional class intervention / control not statedMean (SD) EF: 50.9 (16.6), n=130 vs. 48.3 (17.6), n=124Inclusion/exclusion criteria:Inclusion? All patients had been hospitalised for HF? Lived in area covered by the collaborating home care unit? Sufficient family supportExclusion? Severe cognitive deficits? Advanced psychiatric disease? Non-cardiological terminal disease? COPD", "Interventions": "Duration of intervention: 15 daysIntervention:? Home visits by physicians and nurses, for clinical examination, tests/analyses arequired, and adjustment of medication as required (n.b. this intervention was notspecific, but was intended to reduce readmissions across a range of medical and surgiconditions).? Additional nursing staff home visits 2, 5 and 10 days after discharge for educatfor patients and relatives about HF (basic facts and management, i.e. symptoms, lifestyle, diet and therapy)? Patients received educational manual and a phone number for queriesCompatator: usual care (referral to primary care physician)", "Outcomes": "Primary: cumulative unplanned readmission or death 6 and 12 months after discharSecondary:? cumulative unplanned readmissions? cumulative mortality? Duration of readmission? Use of emergency services during 1st 6 months after discharge"}, {"Title": "Atienza 2004", "Methods": "Multicentre RCT (3 centres)recruiting: January 1999 - June 1999Follow up: Median duration 509 days (IQR 365-649)", "Participants": "Country: SpainParticipants: 164 in intervention group, 174 in usual care groupMedian age (IQR) 69 (61-74) in intervention group, 67 (58-74) in usual care grouMale sex (both groups) 203 (60%), (intervention group 101/164, 62%), (control gr102/174, 59%)Ethnicity: not givenActual severity of heart failure in study subjects at recruitment:NHYA class, n,: intervention group I 11, II 39, III 40, IV 10; control group I 10, IIIII 40, IV 10median EF% (IQR) intervention 36 (30-53) control 40 (30-55)Study inclusion criteria: All patients with congestive heart failure discharged from caology wards of three hospitals in Spain were eligible. HF diagnosis based on the preseof symptoms and signs of heart failure with objective evidence of major cardiac dysfution at rest. All patients had been hospitalised for HFExclusion criteria:? expected survival < 3 months? discharge to a nursing home or long term care facility? living > 30km from hospital? impossible to contact by phone? dementia or psychiatric illness? on a waiting list for invasive cardiology or heart surgery on discharge", "Interventions": "Median duration of intervention: 509 days (IQR 365-649)Intervention: discharge and outpatient management program? 1 to 1 single education session for patients and carers prior to discharge andsession with primary care physician post discharge to reinforce education? teaching brochure to reinforce education, covering: diagnosis of HF, informatiabout the disease (pathogenesis etc ), symptoms of HF, symptoms and signs ofworsening HF, what to do if condition worsens, lifestyle advice, medication educatifor carers? cardiologist outpatient clinic every 3 months, including medication review? patient given specific/ tailored self management plan? visit with primary care physician scheduled within 2 weeks of discharge? telemonitoring component -a facilitated telephone monitor (SCT) providing a24 hour mobile phone contact number which patients were encouraged to contact anecessary. Patients could also telephone the HF team for advice during office hoursComparator:discharge planning according to the routine protocol of the study hospit", "Outcomes": "Primary outcome: event free survival (survival without readmission to hospital) at 1 ysecondary outcomes: total number of hospital admissions (all cause and for HF) ayearother outcomes: readmission rate (all cause and for HF); HRQoL (Minnesota Liviwith heart Failure questionnaire); costs; rate of deaths per observation year;readmission (al cause+ HF); time to death"}, {"Title": "Blue 2001", "Methods": "RCT, single centreRecruiting: March 1997 to November 1998.Duration of follow up: 12 months (mean follow up)", "Participants": "Country: ScotlandParticipants: 81 patients (41 males, 51%) in comparison group, 84 (54 males, 64%intervention groupActual age of study subjects: usual care mean 75.6 years (SD 7.9), interventionyears (SD 8.6).Male sex: 58%Ethnicity: not givenActual severity of heart failure in study subjects at recruitment:NHYA class, n,: control group II 16 (20%), III 33 (42%), IV 30 (35%), intervengroup II 19 (23%), III 28 (34%), IV 36 (43%)LVEF: not givenStudy inclusion criteria:Patients admitted as an emergency to the acute medical admissions unit at one hoswith HF due to LV systolic dysfunction. All patients had been hospitalised for HFStudy exclusion criteria:1. Unable to give informed consent or to comply with the intervention.2. Acute MI (unless they had a previous history of CHF).3. Co-morbidity (such as advanced malignancy) likely to lead to death or readmisin the near future.4. Awaiting cardiac surgery.5. Planned discharge to long term residential care.6. Residence outside the hospital catchment area.", "Interventions": "Duration of intervention: up to 12 monthsIntervention Group: \u201dSpecialist nurse intervention\u201cDuring index hospitalisation:Patients were seen by a HF nurse prior to discharge.After discharge:Home visit by HF nurse and within 48 hours of dischargeSubsequent visits by HF nurse at 1, 3, and 6 weeks and at 3, 6, 9 and 12 months.Scheduled phone calls at 2 weeks and at 1, 2,4,5,7,8,10 and 11 months after discharPatients and their families encouraged to contact nurses with problems or questionphone during office hours (answering machine where they could leave messages afhours).Additional unscheduled home visits and telephone contacts as requiredHome visits covered:Patient education about HF and its Rx, self-monitoring and management (especially tearly detection and treatment of decompensation).Patients were given a booklet about HF which included a list of their drugs, contdetails for HF nurses, blood test results and clinic appointment times.The trained HF nurses used written drug protocols and aimed to optimise patitreatment (drugs, exercise and diet) andHF nurses also provided psychological support to the patient.HF nurses liaised with the cardiology team and other health care and social workersrequiredComparison Group: usual care\u201dPatients in the usual care group were managed as usual by the admitting physiciand, subsequently, general practitioner. They were not seen by the specialist nurses afdischarge.\u201c", "Outcomes": "Primary endpoints:Unplanned readmissions within 90 days of discharge.Total number of days hospitalised during follow up (12 months)Also looked at:readmission rates in the moderate risk subgroup compared to the high risk sub grou"}, {"Title": "Capomolla 2002", "Methods": "RCT, single centreRecruitment: January 1999 to January 2000.Duration of follow up: mean follow up of 12 months", "Participants": "Country: ItalyParticipants: 122 patients (102 males, 84%) in comparison group, 112 (94 males, 84in intervention groupActual age of study subjects: mean age 56 years (SD 10)Male sex: 84%Ethnicity: not given.Actual severity of heart failure in study subjects at baseline:NYHA class I-II/III-IV: 158/81 (68% I-II)LVEF: 29% (SD 7)Study inclusion criteria:1. Patients with CHF referred for admission to the Heart Failure Unit at one centrethe Heart Transplantation Programme (unclear if at the same centre)2.A diagnosis of CHF supported by clinical history, physical signs and symptoms,by LVEF <40%All patients had been hospitalised for HFStudy exclusion criteria:None given.", "Interventions": "Duration of intervention: not clear.Intervention Group: Comprehensive Heart Failure Outpatient Management Progrdelivered by the day hospitalDuring index hospitalisation:cardiac prognostic stratification and prescription of individual tailored therapy followguidelines and evidenceAfter discharge:Attendance at day hospital staffed by a multidisciplinary team (cardiologist, nurse, phiotherapist, dietician, psychologist and social assistant). Patient access to the day hosp\u2019modulated according to demands of care process\u2019.Care plan developed for each patient.Tailored interventions covering: cardiovascular risk stratification; tailored therapy;lored physical training; counselling; checking clinical stability; correction of risk factfor haemodynamic instability; and health care education.Patients who deteriorate re-entered the day hospital through an open-access programDay hospital also offered: intravenous therapy; laboratory examinations; and therapechanges as requiredThe education given covered: knowledge about CHF and drug treatments andmanagement including daily weights, fluid restriction and nutritionComparison Group: usual careDuring admission: cardiac prognostic stratification and prescription of individuallored therapy following guidelines and evidenceAfter discharge:\u2019The patient returned to the community and was followed up by a primary care physicwith the support of a cardiologist\u2019", "Outcomes": "Primary outcomes (evaluated at a mean of 12 months):readmissions because of haemodynamic instability.Deaths from cardiac causes.Cardiac mortality and urgent heart transplantSecondary outcomes (evaluated at a mean of 12 months):\u2019Tailored therapy management\u2019QOLNYHA functional classAlso looked at:Cost utility of the two strategies.Analysis done on intention to treat basis? Not clear"}, {"Title": "De Busk 2004", "Methods": "Multicentre RCT (5 centres)Recruitment: May 1998 - Oct 2000Duration of follow-up: 12 months", "Participants": "Country: USAN Randomised: 462 (intervention n=228, control n=234)NHYA class, n, (%) intervention group vs. control groupI-II 103 (50) vs. 112 (50)III-IV 103 (50) vs. 113 (50)median EF%: not givenMean age all = 72 yr (SD 11):<60yr: 35 (15%) vs. 32 (14%)60-70 yr: 52 (22%) vs. 55 (24%)70-80 yr:92 (40%) vs. 86 (37%)>80 yr: 49 (21%) vs. 61 (26%)Ethnicity, n(%):White 195(86) vs. 191(82);Black 13(5) vs. 14(6);American Indian 9(4) vs. 18(8);Hispanic 7(3) vs. 7(3);Asian 4(2) vs. 4(2)Study inclusion criteria: Hospitalised with a provisional diagnosis of heart failure in stuhospitals as indicated by new onset or worsening heart failure on the basis of 1) shortnof breath (dyspnoea t a rest, orthopnoea or paroxysmal nocturnal dyspnoea)Exclusion criteria:Scheduled for coronary artery bypass surgery or valvular surgeryUndergone cardiac surgery in preceding 8 weeksSerum creatinine value > = 5 mg/dlReceiving dialysisAwaiting renal TxHistory sever pulmonary disease on home O21 or more additional diagnoses expected to result in death within the yearCognitive mental deficitsSubstance abuseSevere psychiatric disordersExpected to move from area within 1 year", "Interventions": "Duration of intervention: 12 monthsIntervention: \u201dspecialist nurse intervention\u201c? I hour educational session with a nurse in the patient\u2019s medical centre? Patient received printed educational materials including methods for selfmonitoring symptoms, body weight and medications; a dietary managementworkbook; food frequency questionnaires? Patients viewed a video portraying the treatment process? Patients received instructions on how to access emergency care in case symptoabruptly worsened? 45 min baseline telephone counselling session within 1 week of randomisationexperienced nurse care manager? Subsequent nurse contacts tailored to meet needs of the patient? Nurse initiated follow up phone calls to patient weekly for 6 weeks, biweekly fweeks, monthly for 3 months, bimonthly for 6 months? Nurse care managers obtained permission from physicians to initiate and regupharmacologic therapy for HF according to study protocol? Nurses communicated with physicians about pt\u2019s medical status? Nurses coordinated treatment plan with patients and physiciansComparator: usual care (no details given)", "Outcomes": "Outcomes (1 year)Primary outcome: time to first hospitalisation HF and all causesecondary outcomes: time to composite outcome of death, readmission or ED visitcardiac cause or for any cause,The rate of outpatient and ED visits"}, {"Title": "Del Sindaco 2007", "Methods": "Open RCTRecruitment: January 2001 to December 2002Duration of follow-up: 24 months", "Participants": "Country: ItalyN Randomised: 184 (control n= 87, intervention n=86)NYHA:? NYHA 1; Control: 0 (0), Intervention: 0 (0)? NYHA 2; Control: 34 (39.1), Intervention: 32 (37.2)? NYHA 3; Control: 49 (56.3), Intervention: 44 (51.2)? NYHA 4; Control: 4 (4.6), Intervention: 10 (11.6)LVEF:Control: 32.5 (SD 10), Intervention: 33.5 (SD 11)Age: Control: 77.5 (SD 5.7), Intervention: 77.4 (SD 5.9)Percentage male: Control: 52.8, Intervention: 51.2Ethnicity:not statedInclusion/exclusion criteria:Inclusion:? 70 years or older? Discharged home after hospitalisation due to heart failure? NYHA III-IV for at least 24 hours requiring IV therapy on admission? Diagnosis determined according to ECS guidelines (Remme et al. Eur H J2001;22:1527-1560).Exclusion:? Valvular heart disease requiring planned surgical correction? Active substance abuse? Severe gait impairment? Confined to bed? Severe dementia? Psychiatric disease likely to limit compliance? Co-existent non-cardiac disease likely to reduce life expectancy? Need for long term IV inotropic therapy? Unwillingness to provide informed consent? Living in a nursing homeLiving outside the area served by the clinical sites.", "Interventions": "Duration of intervention: 24 monthsIntervention: disease management programme (DMP) combining hospital clinic-band home based care? teams included a cardiologist experienced in geriatrics, 2-4 specialised nursesthe patient\u2019s primary care physician? components of the programme were; discharge planning, continuing educatiotherapy optimisation, improved communication with healthcare providers, earlyattention to signs and symptoms and flexible diuretic regimes.? patients given a written list of recommendations, a weight chart, a contactnumber available 6h/day, and an education booklet? follow-up via hospital clinic visits, periodical nurse\u2019s phone calls? patients attended heart failure clinics within 7 to 14 days of discharge and atand 6 months thereafter for optimisation of treatment and education? primary care physicians assessed adherence to treatment, evaluated adverse effand co-morbidities, and monitored dietControl: usual care? optimised treatment and standard education? all treatments and services ordered by primary care physician and/or cardiolog? baseline clinical evaluation and therapeutic plan documented", "Outcomes": "Primary:? Composite of all cause death and hospital admissions from heart failure at 24months.Secondary (24 months):? All cause and heart failure hospitalisations? Cumulative number of hospitalisations? All cause and heart failure related mortality? QoL? Perceived health status? Functional status and indexes of quality of care (such as % of patients taking bblockers) - not recorded here"}, {"Title": "Doughty 2002", "Methods": "Cluster RCT, GP as the unit of randomisation (but see note), single centre.Recruitment: during 1997 and 1998.Duration of follow up: 12 months.", "Participants": "Country: New ZealandParticipants: 97 patients (54 males, 56%) in comparison group, 100 (64 males, 64%intervention group.Actual age of study subjects: mean 73 years (SD 10.8, range 34 to 92 years).Male sex: 60%Ethnicity: \u2019NZ European\u2019 79%Severity of heart failure in study subjects:(At index admission) NYHA class, n (%): controls II 24 (25%), III 73 (75%), intervtion group II 24 (24%), III 76 (76%).(At baseline) LVEF: control group mean 33.8% (SD 12.7), intervention group 30.(SD 12.7)Study inclusion criteria:Patients admitted to general medical wards with a primary diagnosis of heart failureStudy exclusion criteria:1. Surgically remediable cause for heart failure.2. Consideration for heart transplantation.3. Terminal cancer.4. Participation in another trial.5. Inability to provide informed consent.", "Interventions": "Duration of intervention: 12 monthsIntervention: \u2019integrated heart failure management programme\u2019After discharge:Outpatient review at heart failure clinic within 2/52 of discharge from hospital: clinstatus reviewed, pharmacological treatment based on evidence based guidelines, one-one education with study nurse, education booklet provided.Patient diary for daily weights, Rx record & clinical notes provided.Detailed letter faxed to GP and follow up phone call to GP.GPs encouraged to discuss management with clinic team.Follow up plan aiming at 6 weekly visits alternating between GP and HF clinic.Group education sessions for patients run by cardiologist and study nurse: two sessioffered within 6 weeks of discharge and one at 6 months post d/c.Telephone access to study team for GPs or patients during office hoursGroup education sessions covered:education about disease;monitoring daily body weight and action plans for weight changes;medication;exercise;diet.Comparison: usual care", "Outcomes": "Primary endpoints (12 months):Time to first event i.e. death or hospital readmission.HRQL measured using Minnesota Living With Heart Failure Q at baseline andmonthsOther endpoints (12 months):All cause hospital readmissions.Heart failure related hospital readmissions.All cause hospital bed-days.Also looked at:Medications at 12 months."}, {"Title": "Ducharme 2005", "Methods": "RCT, single centreRecruitment: January 1998- January 2000Duration of follow-up: 6 months", "Participants": "Country: CanadaParticipants: intervention n=115 / control n=115Mean (SD) age: 68 (10) / 10 (10)% male: 83 (73) / 82 (71)ethnicity: not statedEjection fraction, % (SD): 34 (14) / 35 (15)NYHA class, n (%)II 8 (7) / 14 (12)III 68 (59) / 63 (55)IV 39 (34) / 38 (33)Inclusion criteria? seen at the emergency department of or admitted to the Montreal Heart Institwith a primary diagnosis of congestive heart failure? radiologic confirmation of congestive heart failure or known impaired LVEF (45%)Exclusion criteria:? a primary diagnosis of acute myocardial infarction? discharge to a chronic care facility, scheduled cardiac surgery? unwillingness to sign informed consent or to attend the outpatient clinic? participation in another research trial? residence in an outlying area", "Interventions": "Duration of intervention: 6 monthsIntervention: multi-disciplinary heart failure clinic with phone follow-up from nurs? evaluation at clinic within 2 weeks of hospital discharge? heart failure clinic provided rapid access to cardiologists, clinician nurses,dieticians and pharmacists, with access to social workers and other medical specialisas required? clinic allowed observation for up to 5 hours and IV diuretics if required? follow-up phone call from nurse within 72 hours of hospital discharge and themonthly, unless a problem necessitated more frequent contact? After baseline evaluation, clinic cardiologists individualized treatment plan(including pharmacologic treatment) for patients? One-on-one education of the patient and family with the study nurse initiatedfirst clinic visit. Individualized advice on the disease process, symptoms and signs ofheart failure (changes in symptoms indicative of worsening heart failure), fluid andsodium intake restrictions, the importance of daily monitoring of body weight andaction plans to remedy changes in weight, effects of medications and the importancecompliance, and recommendations regarding exercise and diet.? patient diary for daily weight measurement,medication record, clinical notes anappointments, physical activity recommendations, an education booklet and atelephone number for clinic during business hours? individualized dietary assessments by registered dietician at baseline, instructioreinforced by nurse at subsequent visits? pharmacist evaluated medications for each patient and assessed patient\u2019sknowledge? individualized follow-up plan included monthly visits with both a cardiologistand nurse at the clinic? study team available for ad hoc consultation during normal working hours.Patients advised to call clinic nurse if symptoms worsened. During calls nurse evaluatsigns of clinical deterioration and adverse effects and patients were referred to cliniccardiologist as requiredComparator: standard care", "Outcomes": "primary endpoints: all-cause hospital readmissions and the total number of associathospital days at 6 monthssecondary outcomes (at 6 months): number of emergency department visits, qualitylife and mortality"}, {"Title": "Holland 2007", "Methods": "Multicentre RCT (3 centres)Recruitment: December 2003 and March 2005Duration of follow up: 6 months", "Participants": "Country: UKN Randomised: 339169 allocated to intervention, 170 to control20 intervention and 26 control patients excluded post-randomisation. Study invol149 intervention pts and 144 control group ptsNYHA:? NYHA 1; Control: 11 (7.6), Intervention: 6 (4.0)? NYHA 2; Control: 37 (25.7), Intervention: 43 (28.9)? NYHA 3; Control: 47 (32.6), Intervention: 52 (34.9)? NYHA 4; Control: 49 (34.0), Intervention: 48 (32.2)LVEF: Not statedAge: Control: 77.6 (9.0), Intervention: 76.4 (9.5)Percentage male: Control: 63.8, Intervention: 63.2Ethnicity: Not statedInclusion/exclusion criteria:Inclusion:? adults (aged over 18 years), admitted as an emergency in which heart failure wan important ongoing clinical condition, i.e. all patients had been hospitalised for? prescribed two or more drugs (from any drug class) on dischargeExclusion:? living in a residential or nursing home? awaiting surgery for ischaemic or valvular heart disease? awaiting heart transplantation? terminal malignancy", "Interventions": "Duration of intervention: 6-8 weeksIntervention: community pharmacist home visits within two weeks of discharge, w? pharmacist provided education to patient and carer on HF, drugs, exercise, dieand smoking cessation, in line with BHF\u2019s \u2019Living with Heart Failure\u2019 booklet *whiwas left with patients? patients encouraged to complete simple sign and symptom monitoring diary c(including weight)? pharmacist fed back recommendations to GP and any need for drug adherencaid to local pharmacist? An additional follow-up visit was made 6-8 weeks after discharge to reviewprogress and reinforce original advice.Control group: usual care", "Outcomes": "Primary:? total emergency admissions to hospital in 6 monthsSecondary:? deaths at 6 months? quality of life (EQ-5D) and MLWHF at 6 months"}, {"Title": "Jaarsma 2000", "Methods": "RCTRecruitment: May 1994 to March 1997.Duration of follow up: 9 months.", "Participants": "Country: the NetherlandsParticipants (patients enrolled and surviving to discharge): 95 patients in comparigroup, 84 in intervention group*Actual age of study subjects: not given for original group, those who remained amonths were mean age 72 years (SD 9) at baseline.Male sex: of those who remained at 9 months, 60%Ethnicity: not givenActual severity of heart failure in study subjects at recruitment: not knownStudy inclusion criteria:1. Patients admitted to the cardiology unit of one hospital with HF symptomsdiagnosis verified with Boston score.2. NYHA III or IV.3. HF diagnosis for longer than 3 months.4. Age 50 years or older.5. Dutch literate.Study exclusion criteria:1. Coexisting, severe, chronic debilitating disease.2. Discharge to a nursing home.3. Psychiatric diagnosis.4. CABG, angioplasty or valve replacement in past 6 months or expected to have streatment in next 3 months", "Interventions": "Duration of intervention: up to 10 days after discharge from index admission, on averone week*Intervention: \u2019Supportive educational intervention\u2019During index admission:Intensive education by study nurse using standard nursing care planAfter discharge:Study nurse phoned patient within one week of discharge to assess potential probleand made appointment for home visit.Home visit on average one week after discharge*. At home visit education continueIf required, study nurse wrote to patient\u2019s home care nurse about patient\u2019s specific neeBetween discharge and home visit patient could contact study nurse if they encounteproblems.After home visit patient encouraged to contact their cardiologist, GP or emergency hcentre with any problems.Educational component covered: symptoms of worsening failure, sodium restrictifluid balance and compliance and individuals\u2019 problems, and included educationsupport to patients\u2019 familyComparison: usual care.\u201dA nurse or physician, depending on his or her individual insight into the patiequestions, provided these patients with education about medication and lifestyle\u201c. Uscare patients did not receive structured education", "Outcomes": "Primary endpoints: none specifiedMeasures of QOL:Heart Failure Functional Status Inventory (to assess functional capabilities at baselinand 9 months).Symptom occurrence (at baseline, 1, 3 and 9 months), severity and distress questionnadesigned for this study (at 3 and 9 months).Psychosocial Adjustment to Illness Scale (at baseline, 3 and 9 months).Cantril\u2019s Ladder of Life (to measure overall well being at baseline, 1, 3 and 9 monthMeasures of self-agency and self-care behaviour:The patients\u2019 ability to care for themselves using the Appraisal of Self-care Agency S(ASE) (at baseline, 3 and 9 months).The patients\u2019 self care behaviour using a Heart Failure Self-care Behaviour Scale, desigfor this study (at baseline, 1, 3 and 9 months)Healthcare resource use:Patients\u2019 report of number and reason for contact with GP, cardiologist, medical specists, physical therapists, social care providers and alternative health specialists.Hospital readmissions and out patient visits from hospital database.Reasons for readmission form patient charts.Also reported:Deaths at 9 months."}, {"Title": "Jaarsma 2008", "Methods": "RCT, 17 centresRecruitment: Oct 23rd 2002 to February 2nd 2005Duration of follow up: 18 months", "Participants": "Country: NetherlandsTotal number randomised= 1049 (basic intervention n=348, intensive intervention n=353, control n=348) 26 died before discharge, leaving 1023 in the total group? NYHA 1; intensive: 0 (0), basic: 0 (0), control: 0 (0)? NYHA 2; intensive: 165 (48), basic: 171 (51), control: 177 (54)? NYHA 3; intensive: 163 (48), basic: 159 (47), control:139 (42)? NYHA 4; intensive: 13 (4), basic: 8 (3), control: 13 (4)LVEF: intensive: 33 (SD 15), basic: 34 (SD 14), control: 34 (SD 14)Age: intensive: 70 (SD 12), basic: 71 (SD 11), control: 72 (SD 11)Percentage male: intensive: 61, basic: 66, control: 60Ethnicity: Not statedInclusion/exclusion criteria:Inclusion:? Patient admitted to hospital with heart failure NYHA functional class II- IV? Aged 18 years or older? Evidence of structural underlying heart disease as shown at cardiovascular imaging? Systolic and diastolic dysfunction (preserved LVEF)? Stable on standard HF medication before dischargeExclusion:? concurrent inclusion in another study or HF clinic? inability to complete the questionnaires? invasive procedure or cardiac surgery intervention performed within the last 6months? such procedure or intervention planned to be performed within the next 3 months? ongoing evaluation for heart transplantation? inability or unwillingness to give informed consent", "Interventions": "Duration of intervention: 18 monthsIntervention: disease management programbasic intervention:? During index hospital stay: patient (and family) education by HF nurse accordingto protocol and guidelines, behavioural strategies used to improve adherence? Within 2/52 of d/c telephone call to pt from HF nurse? During regular visits to cardiologist at the outpatient clinic (at 2, 6, 12 and 18months after d/c) additional visits to HF nurse? additional visits just to the HF nurse at the outpatient clinic at one, 3, 9, & 15months after d/c.? Telephone access to HF nurse Monday to Friday 9am -5 pm, patients (andfamilies) encouraged to contact their nurse if any change in their condition or anyquestions.intensive intervention:? As for the basic intervention plus:? Home visit by HF nurse within 10 days of d/c to assess coping, CHF health statusgeneral health, and medical, health care and social support. Second home visit 11months after discharge,? Weekly telephone calls by the HF nurse in the first month after discharge thenmonthly calls.? Out of hours back up to provide 24 hour telephone coverage.? HF nurse to consults multidisciplinary team at least once during both indexadmission and once during follow up to optimise her advice for each patient.Control: standard management by cardiologist and, subsequently, GP", "Outcomes": "Primary (18 months):? Time to death (all cause) or hospitalisation because of heart failure (compositeoutcome)? Number of days lost to death or hospitalisation? number of readmissions per patientSecondary (18 months):? death from any cause? hospitalisation because of HF? QoL? costs"}, {"Title": "Kasper 2002", "Methods": "RCT, two centresRecruitment: December 1996 to December 1998.Duration of follow up: Six months from recruitment (plus additional three months)", "Participants": "Country: USAParticipants: 102 patients (66 males, 65%) in intervention group, 98 (55 males, 56%)in comparison group.Actual age of study subjects at recruitment: median 63.5 years (range 25-88 years)Male sex: 61%Ethnicity: \u2019white\u2019 64%Actual severity of heart failure in study subjects at baseline:NYHA class, n (%): controls II 33 (34%), III 60 (61%), intervention group II 38 (37%), III 57 (56%).LVEF: control group mean 27.5% (SD 13.9, range 5-60), intervention group 27.1%(SD 13.8, range 10-70)Study inclusion criteria:1. Admitted to one of two hospitals with a primary diagnosis of NYHA class III/IVCHF.2. English speaking.3. Permission from patient\u2019s \u2019primary physician\u20194. Judged to be at high risk of CHF readmission, i.e. one or more of the followingcriteria:\u201cAge >70 years.\u201dLVEF <35%.\u201cOne or more other hospital admission for CHF in previous year.\u201dIschaemic cardiomyopathy.\u201cPeripheral oedema at hospital discharge.\u201dLess than 3kg weight loss while in the hospital.\u201cPeripheral vascular disease.5. Or any one of the following during the index admission:\u201dPulmonary capillary wedge pressure >25 mmHg.\u201cCardiac index <2.0 l/min/m2.\u201dSBP >180 mmHg.\u201cDBP >100 mmHg.Study exclusion criteria:1. Valvular heart disease requiring surgery.2. Active substance abuse.3. Cardiomyopathy (peripartum, hypertrophic with LV outflow tract obstruction orrestrictive). Constrictive pericarditis.4. Psychiatric disease.5. Dementia likely to limit compliance.6. Non-cardiac illness likely to cause repeat hospital admission.7. Heart transplantation likely to occur within six months.8. Uncorrected thyroid disease.9. Serum creatinine => 3.0 mg/dl.10. Long term home intravenous inotropic therapy.11. Cardiac surgery or MI during the index admission.12. Active participation in another research trial.13. Residence in a nursing home, rehabilitation facility or outside the area served by thetwo hospitals", "Interventions": "Duration of intervention: 6 months.Intervention Group: \u2019multidisciplinary program\u2019During index hospitalisation:CHF cardiologist designed an individualised treatment planrandomisation which included medication, diet and exercise managementAfter discharge:\u2019Telephone nurse co-coordinator\u2019 phoned patients within 72then weekly for 1st month, bi-weekly in 2nd month and then monthly. (Content ofphone calls: set script with problems pursued as clinically indicatedadjustments over phone.)Monthly follow up with CHF nurses (usually in CHF clinic).\u2019Primary care physicians\u2019 (66% internal medicine physicians, 29% cardiologists) receivedregular updates from CHF nurses and were notified of abnormal lab results.All intervention patients received: pill sorter, list correct medications, list of dietary andexercise recommendations, 24 hour telephone contact number and patient educationalmaterial.If required and financial resources limited patients also received: 3g sodium \u2019Meals onWheels\u2019 diet, weigh scale, medications, transport to the clinic and a phone.CHF cardiologist saw patients at 6 months.Content of CHF nurse follow up:aimed to implement the treatment plan designed by CHF cardiologist by using a pre-specified 55 page algorithm (also designed by the CHF cardiologists) which includedinitiation and titration of drugs, a low sodium diet and exercise recommendationsComparison group: Usual care.This was care by the patients\u2019 primary physicians (73% internal medicine physicians,26% cardiologists). CHF cardiologist designed treatment plan for each patient \u201ddocu-mented in patient\u2019s chart without further intervention\u201c", "Outcomes": "Primary endpoint (6 months):Total number of CHF hospital admissions plus all cause deaths (i.e. composite endpoint)Secondary outcomes (6 months):Death.CHF hospital admissions.All cause hospital admissions.Change in HRQOL (MLHFQ).Change in activity status (Duke Activity Status Index).Process indicators including: proportion of patients with systolic dysfunction receivingACEI according to published guidelines or appropriate alternative treatment if intolerantof ACEI; percentage patients euvolemic according to defined goal weight; compliancewith dietary guidelines using locally developed sodium score and cost data"}, {"Title": "Kimmelstiel 2004", "Methods": "Multicentre RCT (6 centres)Recruitment period: 22 months, dates not statedDuration of follow up: 12 months", "Participants": "Country: USAN Randomised: 200 (control n=97, intervention n=103)NYHA:? NYHA 1 (%); Control: (1.9), Intervention: (0)? NYHA 2 (%); Control: (58.3), Intervention: (50.5)? NYHA 3 (%); Control: (35.9), Intervention: (49.5)? NYHA 4 (%); Control: (3.9), Intervention: (0)LVEF: Control: 31 (SD 12), Intervention: 30 (SD 14)Age: Control: 73.9 (SD 10.7), Intervention 70.3 (SD 12.2)Percentage male: Control: 58.3, Intervention: 57.7Ethnicity: : Not statedInclusion/exclusion criteria:Inclusion:? Patients were enrolled during an index HF hospitalisation or within 2 weeks ofdischarge.? Patients with HF resulting from ischemic heart disease, dilated cardiomyopathy,valvular heart disease (either surgically treated or deemed inoperable), or hypertensiveheart disease.Exclusion:? noncardiac debilitating illness such as active malignancy? severe liver disease? severe renal insufficiency (creatinine 3.0 mg/dL)? dementia? obstructive lung disease requiring hospitalisation? angina at rest or as the principal cause of activity limitation? myocardial infarction or revascularization procedure during the indexhospitalisation or within the preceding 30 days? planned revascularization or valvular surgery? restrictive myopathy? pericardial constriction? hypertrophic cardiomyopathy", "Interventions": "Duration of intervention: 90 days, followed by passive surveillance (nurse-manager avail-able for incoming calls but didn\u2019t make scheduled calls) for clinically stable patients orcontinuation for patients with overt clinical instability (class A)Intervention: Specialized Primary and Networked Care in HF (SPAN-CHF)? Home visit from nurse-manager within 3 days of discharge, focusing on dietaryand medical compliance, daily weights, self-monitoring,and early reporting of changesin weight or clinical status.? Teaching tool \u2019Patient and Family Handbook\u2019 given to patients during home visit,including sections on HF (definition), medications, low-salt diet, importance of dailyweight, and clinical signs and symptoms that should prompt a call to the SPAN-CHFnurse or primary care physician (plus contact phone numbers).? During home visit, nurse performed cardiovascular examination and symptomassessment.? Weekly or biweekly phone calls from nurse-manager to patients focused onidentifying changes in clinical condition and education reinforcement.? Patients had 24-hr 7-day telephone access to nurse managers, and were instructedto report changes in clinical status and relevant weight change.? Frequent communication between nurse-managers, primary care physicians andHF specialist.Comparator: usual care", "Outcomes": "Primary:? hospitalisations for HF during the first 90 days after enrolmentSecondary (90 days):? cardiac hospitalisations and all-cause hospitalisations? number of days hospitalised per patient-year of follow-up for HF, cardiac and all-cause hospitalisations at one year"}, {"Title": "Krumholz 2002", "Methods": "RCT, single centreRecruitment period: October 1997 to September 1998.Duration of follow up: one year.", "Participants": "Country: USAParticipants: 44 patients (29 males, 66%) in comparison group, 44 (21 males, 48%) inintervention group.Actual age of study subjects: median age 74 years, controls mean age 71.6 (SD 10.3),intervention 75.9 (SD 8.7)Males: 57%Ethnicity: \u201974% Caucasians\u2019Actual severity of heart failure in study subjects at recruitment:Mean ejection fraction: control group 37% (SD 16), intervention group 38% (SD 17).NYHA: not givenStudy inclusion criteria:1. Age 50 or over2. Needed to have either admission diagnosis of heart failure or radiological signs ofheart failure on admission chest x-ray. All patients had been hospitalised for HF3. Reviewed within three days to verify additional set of criteria derived from NHANES-1Study exclusion criteria:1. Patients transferred from other hospitals or nursing homes.2. Patients with HF secondary to high output states or non-cardiac disease.3. Patients with another terminal illness (e.g. expected survival < 6/12)", "Interventions": "Duration of intervention: one yearIntervention: \u2019Education and Support\u2019After discharge:Initial hour long face to face consultation with experienced cardiac nurse within twoweeks of discharge using a teaching booklet (45% of these consultations took place inpatient\u2019s home, remainder in hospital clinic).Following this weekly telephone contact for four weeks, bi-weekly for eight weeks thenmonthly until one yearInitial consultation covered five sequential care domains for chronic illness including:patient knowledge of illness; the relation between medication and illness; the relationbetween health behaviours and illness; knowledge of early signs and symptoms of decom-pensation, and where and when to obtain assistance. Follow up phone calls reinforcedthe five care domains but did not modify current regimens or provide recommendationsabout treatment. However the nurse could recommend that the patient consulted his/her physician when the patient\u2019s condition deteriorated sharply or when the patient hadproblems, in order to help patients to understand when and how to seek and access careComparison: usual care.All usual care treatments and services ordered by their physicians", "Outcomes": "Primary endpoint:readmission or death at 12 months follow up.Secondary endpoints (12 months follow up):All cause admissions.HF related or other CVD related readmissions.Cumulative number of days in hospital.Cost of readmission."}, {"Title": "Kwok 2008", "Methods": "RCT, 2 centresRecruitment: September 1999 - February 2001Duration of follow-up: 6 months", "Participants": "Country: China (Hong Kong)N Randomised: 105 (intervention n=49, control n=56)NYHA not statedLVEF <40% : 15 (30%) (control, n=50); 9 (18%) (intervention, n=43)Age (years): Control: 76.8 (SD 7.0), Intervention: 79.5 (SD 6.6)Percentage male: Control: 45, Intervention: 45Ethnicity: not statedInclusion/exclusion criteria:Inclusion:? hospitalised with a principal diagnosis of CHF? age older than 60? residing within the region and had at least one hospital admission for CHF in the12 months prior to the index admission.Exclusion:? communication problems but without caregivers? residing in a nursing home? terminal disease with a life expectancy of less than six months", "Interventions": "Duration of intervention: 6 monthsIntervention:community nurse-supported hospital discharge programme? community nurse (CN) visited patients prior to discharge, to provide healthcounselling, information on drug compliance, dietary advice? home visit by CN within 7 days of discharge, then weekly for 4 weeks, thenmonthly, to check vital signs and signs of poorly controlled CHF (ankle swelling,dyspnoea and basal crepitation on auscultation). Medications checked and dietary/exercise advice given.? home care and day care services arranged if social support insufficient? patients encouraged to contact CN via a telephone hotline during office hourswhen they developed symptoms? following liaison with geriatrician or cardiologist, CN able to alter medication,arrange appointments and clinical admission as appropriate? CN monitored patients refusing further home visits by telephoneControl:usual medical and social care, but with follow-up in the hospital outpatientclinics by the same group of designated geriatricians or cardiologists", "Outcomes": "Primary:? percentage of subjects who ever had unplanned hospital readmissions within sixcalendar months of dischargeSecondary (6 months):? number of unplanned hospital readmissions? changes in six-minute walking test? London Handicap Scale (LHS) domain scores"}, {"Title": "Lopez 2006", "Methods": "RCT, 2 centresRecruitment: September 2000 to August 2002Duration of follow-up: 1 year", "Participants": "Country: SpainN Randomised: 134 (control n=64, intervention n=70)NYHA:? NYHA 1-2 (%); Control: 54 (87.1), Intervention: 58 (84.1)? NYHA 3-4 (%); Control: 8 (12.9), Intervention: 11 (15.9)LVEF:Control: 47.4 (SD 17.3), Intervention: 54.5 (SD 14.4)Age: Control: 76.1 (SD 9.4), Intervention: 75.3 (SD 8.4)Percentage male: Control: 46.9, Intervention: 41.4Ethnicity: Not statedInclusion/exclusion criteria:Inclusion:? patients admitted to the General Hospital of Vic and the Municipal Hospital ofBadalona for heart failure (HF) who met 2 major or 1 major and 2 minor FraminghamcriteriaExclusion:? regularly living out of the area of influence of the hospital? regularly living in an old people\u2019s home? moved to a social-health centre or to other centres for acute patients? suffering any type of dementia or disabling psychiatric disease? refusing to participate in the study", "Interventions": "Duration of intervention: 12 monthsIntervention: Active Information Program, carried out by a pharmacist with 2 key com-ponents:1. Information -personal interview on day of discharge, covering information about thedisease, diet education, information on drug therapy and the need for compliance2. Telephone support - patients given pharmacist\u2019s name and phone number, and en-couraged to contact about any doubts arising during treatment, or questions about thedisease. Monthly during the 1st 6 months and every 2 months thereafter, patients re-ceived home phone calls (not clear from who) to reinforce the intervention and solveany problems or questions arisingComparison: No details given. Follow-up visits at 2, 6 and 12 months to check compli-ance, QoL and patient satisfaction", "Outcomes": "Primary (2,6 and 12 months):? time to the first readmission for heart failure or for another cause? percentage of patients with readmission? total number of readmissions? total of hospital stay days during the study period.Secondary (2,6 and 12 months):? treatment compliance (not reported here)? quality of life (EuroQol)? patient satisfaction with the care received and death during the follow-up (notreported here)"}, {"Title": "Mejhert 2004", "Methods": "RCT, single centreRecruitment: January 1996 and December 1999Mean (SD) follow up: 1122 (405) days", "Participants": "Country: SwedenN Randomised: 208 (control n=105, intervention n=103)NYHA:? NYHA 2; Control: 69 (66%), Intervention: 60 (58%)? NYHA 3; Control: 34 (32%), Intervention: 43 (42%)? NYHA 4; Control: 2 (2%), Intervention: 0 (0%)LVEF (%):Control: 35 (SD 11), Intervention: 34 (SD 12)Age: Control: 75.7 (SD 6.6), Intervention: 75.9 (SD 7.7)Percentage male: Control: 59, Intervention: 56Ethnicity: Not statedInclusion/exclusion criteria:Inclusion:? All patients 60 years of age or older hospitalised with heart failure according toNew York Heart Association (NYHA) class II - IV and left ventricular systolicdysfunction by echocardiographyExclusion:? acute myocardial infarction or unstable angina pectoris within the previous threemonths? valvar stenosis? dementia? severe concomitant disease? refusal to participate", "Interventions": "Duration of intervention: at least 18 months, mean follow up was 1122 (405 ) daysIntervention:\u201dnurse based outpatient management programme\u201c? regular visits to the outpatient clinic and patient encouraged to keep contact withnurse (not clear how regular)? nurse checking symptoms and signs of heart failure, blood pressure, heart rate,and weight at each visit? nurses can institute and change medication doses according to standard protocol? patient instructed to check weight regularly and monitor early signs ofdeterioration? patients with good compliance instructed to change dosing of diuretics on theirown.? dietary advice recommends restricted sodium, fluid, and alcohol intake? information repeated in booklets and computerised educational programmesControl group: treated by GPs according to local health care plan for heart failure. Allpatients had clinical examinations and detailed control of medication at 6, 12, and 18months at the Cardiovascular Research Laboratory", "Outcomes": "Primary:? QoL (6, 12 and 18 months)Secondary:? cardiac function (not reported?)? medication (6, 12 and 18 months)? hospitalisation (18 months)? mortality (18 months)"}, {"Title": "Naylor 2004", "Methods": "Multicentre RCT (6 centres)Recruitment: February 1997 - January 2001Follow-up: 1 year", "Participants": "Country: USAParticipants: N Randomised = 239 (control n=121, intervention n=118)NYHA:? Not statedDocumented ejection fraction, n (%) intervention 88 (72) / control 98 (80)<20% 12 (14) / 17 (17) p=0.75520 to <25% 10 (11) / 9 (9) p=0.76025 to <35% 28 (32) / 30 (30) p=0.91435 to <45% 26 (30) / 28 (28) p=0.94245% or more: 12 (14) / 14 (14) p=1.00Age: Control: 75.6 (SD 6.5), Intervention: 76.4 (SD 6.9)Percentage male: Control: 44, Intervention: 40Ethnicity: Control: 62% White, Intervention: 66% White. RemainderAfrican AmericanInclusion/exclusion criteria:Inclusion:? all patients aged 65 and older admitted to study hospitals from their homesbetween February 1997 and January 2001 with a diagnosis of heart failure (diagnosis-related group 127 validated at discharge) were screened for participation? speak English? be alert and oriented? be reachable by telephone after discharge? reside within a 60-mile radius service area of the admitting hospitalExclusion:? end-stage renal disease", "Interventions": "Duration of intervention: 3 monthsIntervention: transitional care delivered by 3 advanced practice nurses (APNs),received standardised training before the study commenced(1) Quality-Cost Model of APN Transitional Care management strategies, including:i) identification of patients\u2019 and caregivers\u2019 goals;ii) individualized plans of care developed and implemented by APNs in collaborationwith patients\u2019 physicians;iii) educational and behavioral strategies to address patients\u2019 and caregiversneeds;iv) continuity of care and care coordination across settings(2) evidence-based protocol, guided by national heart failure guidelines, included:? APN discharge planning? initial APN visit within 24 hours of index hospital admission, and at least dailyduring the index hospitalisation for comprehensive assessment of patients and carers? \u2265 8 APN home visits (one within 24 hours of discharge), weekly during the firstmonth then bimonthly during 2nd and 3rd months to check clinical status? additional APN visits based on patients\u2019 needs? APN telephone availability 7 days per week (8 a.m. to 8 p.m.,weekdays; 8 a.m. tonoon, weekends)? if readmission to hospital required during 1st 3 months, APN resumed home visits? APNs had email/phone access to multidisciplinary team for consultation of casesas required? APNs collaborated with each patient\u2019s physician regarding adjustments inmedications and other therapies or worked under specific guidance from physician? self management of symptoms was promoted by APNs teaching patients andcaregivers about early symptom recognition and effective treatment, such as the use ofas-needed diuretics? taped teaching material was left with patientsComparators: routine care (including site-specific discharge planning and clinical paths)and standard home agency care if referred, consisting of comprehensive skilled homehealth services 7control patients received skilled nursing or physical therapy after index discharge", "Outcomes": "Primary:? time to first readmission or death during 52 weeksSecondary (52 weeks follow-up):? time to first readmission? total rehospitalisations? quality of life? functional status? patient satisfaction? medical costs? cumulative days of rehospitalisation? mean readmission LoS? no. of unscheduled acute care visits after discharge? other treatments and healthcare utilisation? cost of post index hospitalisation readmission"}, {"Title": "Nucifora 2006", "Methods": "RCT, single centreRecruitment: March 1999 to January 2001Duration of follow up: 6 months", "Participants": "Coutry: ItalyN Randomised: 200 (control n=101, intervention n=99)NYHA:? NYHA 1; Control: 2 (2), Intervention: 0 (0)? NYHA 2; Control: 37 (37), Intervention: 33 (33)? NYHA 3; Control: 61 (61), Intervention: 63 (64)? NYHA 4; Control: 1 (1), Intervention: 3 (3)LVEF:Control: 43 (SD 19), Intervention: 43 (SD 16)Age: Control: 73 (SD 8), Intervention: 73 (SD 9)Percentage male: Control: 62, Intervention: 62Ethnicity: Not statedInclusion/exclusion criteria:Inclusion:? Aged 85 or younger? admitted to internal medicine department with a diagnosis of HF duringrecruitment period? HF diagnosed by 2 major or 1 major and 2 minor Frammingham criteriaExclusion:? Chronic cor pulmonale? Terminal illness in addition to HF? Severe dementia or other psychiatric illness? Indication for surgical therapy in the next 6 months? Refusal to participate", "Interventions": "Duration of intervention: 6 monthsintervention: \u201cHF management programme\u201d? pre discharge intensive education by an experienced cardiovascular research nurseusing a teaching booklet, covering causes of HF, recognition of symptoms of worseningHF, the role of sodium restriction and pharmacological therapy, the importance offluid and weight control, physical activity and complete abstinence from alcohol andsmoking.? phone call from nurse 3-5 days post discharge to assess any problems, promoteself management and check compliance, weight and lifestyle issues? patients had telephone access from 8.00 to 9.00am, Monday to Friday, and out ofhours answering machine? outpatient visits to doctor at 15 days, 1 and 6 months after discharge, to evaluatetest results, physical condition and medicine adherence and make any required changesto drug therapyControl:? pre-existing routine of post-discharge care; i.e. usual care by primary carephysician? outpatient visit to doctor at six months after discharge", "Outcomes": "Primary:? All cause readmissions at 6 months? All cause deaths at 6 monthsSecondary (6 months):? Event free survival? Days of unplanned readmissions? Number of unplanned outpatient visits? Patients clinical status? Compliance? Adherence to treatment plan? Quality of life"}, {"Title": "Stromberg 2003", "Methods": "Multicentre RCT (3 centres)Recruitment: June 1997 to December 1999Follow up: 12 months", "Participants": "Country: SwedenN Randomised: 106 (control n= 54, intervention n=52)NYHA:? NYHA 1; Control: 0 (0), Intervention: 0 (0)? NYHA 2; Control: 12 (22), Intervention: 7 (13)? NYHA 3; Control: 36 (67), Intervention: 39 (75)? NYHA 4; Control: 6 (11), Intervention: 6 (12)LVEF:Not statedAge: Control: 78 (SD 6), Intervention: 77 (SD 7)Percentage male: Control: 32/54 (59%), Intervention: 33/52 (63%)Ethnicity: Not statedInclusion:? Diagnosed heart failure, either by echocardiography, radiographic evidence ofpulmonary congestion or typical symptoms and signs of heart failure.? All patients had been hospitalised for HF.Exclusion:? severe chronic pulmonary disease? dementia or other psychiatric illness? short anticipated survival? discharge to a geriatric clinic or home care? already receiving follow-up at the nurse-led heart failure clinic", "Interventions": "Duration of intervention: not clearIntervention: nurse led HF clinic? 1st visit 2-3 weeks after discharge, nurses evaluated status, assessed treatment andprovided education about HF and social support? individualised education included both written and verbal information, and wasbased on guidelines. It included information on HF, treatment, dietary advice,individually adjusted energy intake advice, lifestyle advice (including exercise), andpromoted self-management? nurses contactable by phone during office hours, Monday-Friday, and nursescalled patients to provide psychosocial support and evaluate drug changes required? heart failure nurses called patients in order to provide psychosocial support,evaluate drug changes or other actions? extra appointments to attend HF clinic scheduled for patients unstable withsymptoms of worsening heart failure or if further education was needed? patients referred back to primary health care once they were stable and wellinformedControl: conventional follow-up in primary health care. Some patients got a scheduledvisit after discharge, but most were encouraged to phone primary health care if they hadproblems due to heart failure", "Outcomes": "Primary:? all-cause mortality or all-cause hospital admission after 12 months.Secondary (12 months):? mortality due to CV disease or other? number of readmissions for any reason? number of days in hospital? self-care behaviour"}, {"Title": "Thompson 2005", "Methods": "2 centre cluster RCTRecruitment: 20 months, dates not specifiedFollow-up: 6 months", "Participants": "Country: UKN Randomised: 106 (control n=48, Intervention n=58)NYHA:? NYHA 1-2; Control: 13 (27), Intervention: 14 (24)? NYHA 3-4; Control: 35 (73), Intervention: 44 (76)LVEF:Control: 29 (SD 11), Intervention: 31 (SD 8)Age: Control: 72 (SD 12), Intervention: 73 (SD 14)Percentage male: Control: 73, Intervention: 72Ethnicity: not statedInclusion/exclusion criteria:Inclusion:? Acute admission to hospital with a diagnosis of CHF.? Objective evidence (e.g. echocardiography or coronary angiography) of impairedleft ventricular systolic function as evidenced by a left ventricular ejection fraction(LVEF) of at least 45% immediately prior to study recruitment.? Discharged to home.Exclusion:? awaiting an elective cardiac procedure with the intent to reverse the cause ofunderlying heart failure (e.g. coronary artery bypass surgery for coronary arterystenosis)? terminal illness other than CHF", "Interventions": "Duration of intervention: 6 monthsIntervention:\u201cclinic plus home-based intervention\u201d? appointment with specialist nurse prior to discharge, to receive information onHF and medications? office-hours contact number for nurse specialist? home visit with 10 days of hospital discharge, for education on symptommanagement and lifestyle, and clinical examination? monthly nurse-led outpatient heart failure clinic for 6 months post-discharge,including education, clinical examination and indices monitoring, and starting of newtherapeutic drugs where appropriateControl group: standard care (i.e. explanation of condition, prescribed medications bythe ward nurse and referral to appropriate post-discharge support as required). Patientsgiven an outpatient department appointment 6-8 weeks post discharge", "Outcomes": "Primary:? event-free survival from either death or recurrent hospitalisation for any reasonduring the 6-month follow-upSecondary (6 months):? rate of recurrent hospital stay? treatment adherence (not reported here)? health related quality of life"}, {"Title": "Tsuyuki 2004", "Methods": "Multicentre 2-stage RCT (only second stage randomised)recruitment dates: September 1999 to April 2000Follow-up: 6 months", "Participants": "Country: CanadaN Randomised: 276 (usual care n=136, intervention n=140)NYHA (%):? NYHA 1; Control: (14), Intervention: (12)? NYHA 2; Control: (52), Intervention: (48)? NYHA 3; Control: (30), Intervention: (35)? NYHA 4; Control: (3), Intervention: (5)Age: Control: 72 (SD 12), Intervention: 71 (SD 12 )Percentage male: Control: 58, Intervention: 58Ethnicity: Not statedInclusion/exclusion criteria:Inclusion:? Consecutive patients older than age 18 years, admitted to a hospital with a mostresponsible, primary, secondary, or complicating diagnosis of HF were eligible toparticipate in the study.Exclusion:? known secondary causes of HF (i.e., correctable causes as anaemia orhyperthyroidism)? preserved systolic function? were taking an angiotensin-II antagonist because of known intolerance orcontraindication to ACE inhibitors? had a terminal illness with a life expectancy less than 6 months? cognitive impairment? were unable to communicate because of language barriers,? were attending a specialized HF clinic for medical management,? were participating in a HF clinical trial? absolute contraindication to ACE inhibitors? patients residing outside the region of the participating hospital? those discharged to a setting where patients were not responsible for ownmedication administration", "Interventions": "Duration of intervention: 6 monthsIntervention: patient support program:? 5 key areas: salt and fluid restriction, daily weighing, exercise alternating with restperiods, proper medication use, and early recognition of worsening symptoms? 1-1 education with research coordinator prior to discharge using writteneducational package covering information on HF (definition, causes, symptoms),nondrug treatment, medication information (with special emphasis on proven benefitsof therapies), and self-monitoring? adherence aids provided prior to discharge (medication organizer, medicationadministration schedule, and daily weight log)? patients encouraged to contact coordinator for ongoing community support? community follow up to reinforce education and adherence:telephone contact bythe local research coordinator at 2 weeks, 4 weeks,and monthly thereafter for up to 6months post discharge (i.e. 7 calls)? monthly newsletter \u201cLiving with Congestive HF\u201d, featuring articles on 5 keycomponents, patient success stories, salt content of foods, low-salt recipes, andcompliance tips? research coordinator could also recommend that patient consult physician forACE inhibitor dosage titration as appropriate, or if a problem arose which requiredfurther investigationUsual care:? Patients received a general heart disease pamphlet before discharge, but no formalcounselling beyond routine hospital procedure.? Monthly telephone contact to check for clinical events.", "Outcomes": "Primary (6 months):? medication adherence, as measured by pharmacy recordsSecondary (6 months):? clinical events"}]}