id,sentences,label,sentences_tokens,cuis
0,"48 ||| Introduction ||| 1.33 ||| Participants were encouraged to log onto the website once per week to view new information and video messages (three new messages added per week, 30-60 s in length).",I,participants encouraged log website week view video messages messages week 30-60 length,C0679646|G0000000|C1708728|C2349146|C0332174|C0449911|C0042655|C0470166|C0470166|C0332174|C0450371|C1444754
1,22 ||| Introduction ||| 1.7 ||| Design,N,design,C1707689
2,138 ||| Discussion ||| 4.16 ||| These data provide some support for the intervention successfully manipulating key constructs of Social Cognitive Theory and offer some insight into the potential mechanism of the intervention on physical activity.,O,data provide support intervention manipulating key constructs social cognitive theory offer insight potential mechanism intervention physical activity,C1511726|C1999230|C0183683|C0886296|C2584326|G0000000|C2827421|C0728831|C1516691|C0871935|G0000000|C0233820|C3245505|C0441712|C0886296|C0031809|C0205177
3,114 ||| Statistical analyses ||| 3.15 ||| Costs and cost-effectiveness,N,costs cost-effectiveness,C0010186|C0010181
4,37 ||| Introduction ||| 1.22 ||| Procedures,N,procedures,C0025664
5,38 ||| Introduction ||| 1.23 ||| All participants were free to participate in any other CR service or support that they wished to use.,I,participants free participate cr service support wished,C0679646|C0332296|G0000000|C0201975|C0557854|C0183683|C1423524
6,139 ||| Discussion ||| 4.17 ||| The lack of effect on barrier efficacy was surprising given that text messages did target this variable.,N,lack barrier efficacy surprising text messages target variable,C0332268|C1706912|C1280519|G0000000|C1527021|C0470166|C1521840|C0439828
7,"7 |||  ||| 0.7 ||| All outcomes were assessed at baseline and 24 weeks and included peak oxygen uptake (PVO 2 ; primary outcome), selfreported physical activity, health-related quality of life, self-efficacy and motivation (secondary outcomes).",I,outcomes assessed baseline 24 weeks included peak oxygen uptake pvo 2 primary outcome selfreported physical activity health-related quality life self-efficacy motivation secondary outcomes,C1274040|C1516048|C0168634|C0450371|C0439230|C0332257|C0444505|C0030054|C0243144|G0000000|G0000000|C0205225|C1274040|C0681906|C0031809|C0205177|C0018684|C0332306|C0376558|C0600564|C0026605|C0027627|C1274040
8,"150 ||| Acknowledgements ||| 6.1 ||| The authors would like to acknowledge Paul Nolan, Brighid McCaffrey, Dr Aaron Lin and Dr Jocelyn Benetar for their contributions to data collection.",N,authors acknowledge paul nolan brighid mccaffrey dr aaron lin dr jocelyn benetar contributions data collection,C3812881|G0000000|G0000000|G0000000|G0000000|G0000000|C0013014|G0000000|C0861352|C0013014|G0000000|G0000000|C1880177|C1511726|C1516698
9,"116 ||| Statistical analyses ||| 3.17 ||| For the within-trial economic evaluation, the ICER per QALY was $28,768 (E15,247).",N,within-trial economic evaluation icer qaly 28 768 e15 247,C0008976|C0013556|C0220825|C1852403|C0080071|C0450371|C1442061|G0000000|C1442061
10,36 ||| Introduction ||| 1.21 ||| Nurses contacted potential participants and those agreeing to participate were screened for eligibility.,P,nurses contacted potential participants agreeing participate screened eligibility,C0028661|C0332158|C3245505|C0679646|C3641827|G0000000|C0220908|C0013893
11,"119 ||| Statistical analyses ||| 3.20 ||| To evaluate the HEART intervention as an ongoing national programme, age-standardized publicly funded hospital discharge rates for ICD codes I20-251 only (diagnosis -''ischaemic heart diseases'') in 2009-10, reported at 383.9 per 100,000 population, 36 the current New Zealand population of 4,458,000, and the 59% consent rate at the metropolitan hospitals for this study, were used to estimate that over 10,000 potential participants per annum for this programme may exist nationally.",O,evaluate heart intervention ongoing national programme age-standardized publicly funded hospital discharge rates icd codes i20-251 diagnosis -ischaemic heart diseases 2009-10 reported 383 9 100 000 population 36 current zealand population 4 458 000 59% consent rate metropolitan hospitals study estimate 10 000 potential participants annum programme exist nationally,C0220825|C0018787|C0886296|C0549178|C3245503|C1709697|C0001779|G0000000|C0016820|C0019994|C0012621|C0871208|C0021122|C0919279|C1442061|C0011900|C0475224|C0018787|C0012634|C0450371|C0684224|C1442061|G0000000|C1442061|C1442061|C0032659|C0450371|C0521116|G0000000|C0032659|G0000000|C1442061|C1442061|C0450371|C1511481|C0871208|C0599587|C0019994|C0557651|C0750572|C0450371|C1442061|C3245505|C0679646|C0439234|C1709697|C2987476|G0000000
12,"79 ||| Introduction ||| 1.64 ||| Treatment evaluations were performed on the principle of intention to treat (ITT), using data collected from all randomized participants.",N,treatment evaluations performed principle intention treat itt data collected randomized participants,C0039798|C0220825|C0884358|G0000000|C0162425|C0087111|G0000000|C1511726|C1516695|C0034656|C0679646
13,65 ||| Introduction ||| 1.50 ||| Healthcare utilization and wider societal costs were not collected as this was a post hoc economic evaluation.,O,healthcare utilization wider societal costs collected post hoc economic evaluation,C0086388|C0042153|C0332464|G0000000|C0010186|C1516695|C0687676|G0000000|C0013556|C0220825
14,16 ||| Introduction ||| 1.1 ||| Aim,N,aim,C1947946
15,20 ||| Introduction ||| 1.5 ||| We hypothesized that an mHealth intervention would increase exercise capacity.,I,hypothesized mhealth intervention increase exercise capacity,G0000000|C2718080|C0886296|C0442805|C0015259|C1516240
16,57 ||| Introduction ||| 1.42 ||| An economic evaluation was also conducted.,N,economic evaluation conducted,C0013556|C0220825|C0004927
17,47 ||| Introduction ||| 1.32 ||| Participants received 3-5 text messages per week (total of 118 messages over 24 weeks).,I,participants received 3-5 text messages week total 118 messages 24 weeks,C0679646|C1514756|G0000000|C1527021|C0470166|C0332174|C0439175|C1442061|C0470166|C0450371|C0439230
18,94 ||| Results ||| 2.12 ||| During the trial 82% of participants in the intervention read some or all of the HEART text messages and 57% of participants viewed some or all of the video messages on the website.,I,trial 82% participants intervention read heart text messages 57% participants viewed video messages website,C0008976|C0450371|C0679646|C0886296|C0034754|C0018787|C1527021|C0470166|C0450371|C0679646|C0449911|C0042655|C0470166|C2349146
19,"128 ||| Discussion ||| 4.6 ||| An objective measure was used for the primary outcome, to which assessors were blinded to group allocation.",N,objective measure primary outcome assessors blinded allocation,C0018017|C0079809|C0205225|C1274040|C1707957|C0150108|C1706778
20,96 ||| Results ||| 2.14 ||| The primary outcome was measured for 75 (88%) participants in the intervention group and 78 (90%) in the control group at 24 weeks (Figure 1).,I,primary outcome measured 75 88% participants intervention 78 90% control 24 weeks figure 1,C0205225|C1274040|C0444706|C0450371|C0450371|C0679646|C0886296|C0450371|C0450371|C0243148|C0450371|C0439230|G0000000|G0000000
21,23 ||| Introduction ||| 1.8 ||| 12-14,N,12-14,C0450371
22,"39 ||| Introduction ||| 1.24 ||| In Auckland, New Zealand, this typically involves participating in community-based CR education sessions on modifying CVD risk factors and psychological support, as well as encouragement to be physically active and an [1][2][3][4][5][6][7][8][9]",I,auckland zealand typically involves participating community-based cr education sessions modifying cvd risk factors psychological support encouragement physically active 123456789,G0000000|G0000000|G0000000|G0000000|C0679823|C0009462|C0201975|C0013621|C1883016|C0392747|C0007222|C0035647|C1521761|C0205486|C0183683|C0870494|G0000000|C0205177|G0000000
23,"69 ||| Introduction ||| 1.54 ||| In 2012, the purchasing power parity of NZ$1 ¼ E0.53.",N,2012 purchasing power parity nz1 e0 53,G0000000|C0870238|C0032863|C0030563|G0000000|C1704625|C0450371
24,"81 ||| Introduction ||| 1.66 ||| Analysis of covariance (ANCOVA) regression model was used to evaluate the main treatment effect on the primary outcome between the two treatment groups, adjusting for its baseline measure, age, sex, ethnicity and exercise history (i.e.",P,analysis covariance ancova regression model evaluate main treatment primary outcome treatment adjusting baseline measure age sex ethnicity exercise history,C0002778|G0000000|C0814908|C0684320|C3161035|C0220825|C0205225|C0039798|C0205225|C1274040|C0039798|G0000000|C0168634|C0079809|C0001779|C0009253|C0015031|C0015259|C0019664
25,"85 ||| Results ||| 2.3 ||| Randomization was conducted using the minimization method, stratifying by sex (male and female), ethnicity (Maori -indigenousand non-Maori), and exercise history (attendance or not at least one CR session).",P,randomization conducted minimization method stratifying sex male female ethnicity maori -indigenousand non-maori exercise history attendance cr session,C0034656|C0004927|G0000000|C0025663|C0205363|C0009253|C0086582|C0015780|C0015031|C0024770|G0000000|C1518422|C0015259|C0019664|C2827364|C0201975|C1883016
26,"30 ||| Introduction ||| 1.15 ||| Participants were adults aged 18 years or more, with a diagnosis of IHD, defined as angina, myocardial infarction, revascularization, including angioplasty, stent or coronary artery bypass graft within the previous 3-24 months.",P,participants adults aged 18 diagnosis ihd defined angina myocardial infarction revascularization including angioplasty stent coronary artery bypass graft previous 3-24 months,C0679646|C0001675|C0001779|C0450371|C0011900|C0151744|C1704788|C0002962|C0027061|C0021308|C0581603|C0332257|C0162577|C0038257|C0018787|C0003842|C0741847|C0181074|C0205156|C0450371|C0439231
27,"76 ||| Introduction ||| 1.61 ||| As all contacts are automated and staff attention was rarely required, the trial's monthly staff maintenance and web-hosting costs are scalable nationally.",I,contacts automated staff attention rarely required trials monthly staff maintenance web-hosting costs scalable nationally,C4036459|C0205554|C0851286|C0004268|C0522498|C1514873|C0008976|C0332177|C0851286|C0024501|C0282111|C0010186|G0000000|G0000000
28,129 ||| Discussion ||| 4.7 ||| This study also used intention to treat analyses and provided an economic evaluation of the intervention.,N,study intention treat analyses provided economic evaluation intervention,C0557651|C0162425|C0087111|C0002778|C1999230|C0013556|C0220825|C0886296
29,95 ||| Results ||| 2.13 ||| On average participants viewed the website once every two weeks.,N,average participants viewed website weeks,C1510992|C0679646|C0449911|C2349146|C0439230
30,"102 ||| Statistical analyses ||| 3.3 ||| Statistical analyses were performed using SAS , 95% CI: À1.1, 0.7; p ¼ 0.65) at 24 weeks.",I,statistical analyses performed sas 95% ci 1 1 0 7 0 65 24 weeks,C0038215|C0002778|C0884358|C0605290|C0450371|C0008107|G0000000|G0000000|G0000000|G0000000|G0000000|C0450371|C0450371|C0439230
31,"121 ||| Statistical analyses ||| 3.22 ||| Under these circumstances, the incremental cost per HEART participant would be $ 22.37 (E11.90)",O,circumstances incremental cost heart participant 22 37 e11 90,G0000000|C1705117|C0010186|C0018787|C0679646|C0450371|C0450371|G0000000|C0450371
32,"142 ||| Discussion ||| 4.20 ||| As an ongoing programme, it may also be cost-effective for improving health-related quality of life.",O,ongoing programme cost-effective improving health-related quality life,C0549178|C1709697|C0010181|C1272745|C0018684|C0332306|C0376558
33,"115 ||| Statistical analyses ||| 3.16 ||| The total non-protocol cost to set-up and deliver the HEART intervention during the trial was $20,313 (E10,803) or $239 (E127) per intervention participant.",I,total non-protocol cost set-up deliver heart intervention trial 20 313 e10 803 239 e127 intervention participant,C0439175|C1518384|C0010186|C1521827|C0308779|C0018787|C0886296|C0008976|C0450371|C1442061|G0000000|C1442061|C1442061|G0000000|C0886296|C0679646
34,"41 ||| Introduction ||| 1.26 ||| In addition, participants in the intervention group received the HEART programme-a personalized, automated package of text messages via their mobile phones aimed at increasing exercise behaviour over 24 weeks.",I,addition participants intervention received heart programme-a personalized automated package text messages mobile phones aimed increasing exercise behaviour 24 weeks,C0332287|C0679646|C0886296|C1514756|C0018787|C1709697|C1709510|C0205554|C0013194|C1527021|C0470166|C0231435|C1515258|C1947946|C0442808|C0015259|C0004927|C0450371|C0439230
35,"44 ||| Introduction ||| 1.29 ||| The intervention also focused on altering the key mediators of behaviour change, including self-efficacy, social support and motivation.",O,intervention focused altering key mediators behaviour change including self-efficacy social support motivation,C0886296|C0205234|C0392747|G0000000|C0127400|C0004927|C0392747|C0332257|C0600564|C0728831|C0183683|C0026605
36,"124 ||| Discussion ||| 4.2 ||| Exercise support delivered via mobile phone and the Internet was not effective at increasing cardiorespiratory exercise capacity over and above usual care, but did have positive effects on selected secondary outcomes, including levels of self-reported physical activity, walking, self-efficacy and physical aspects of health-related quality of life.",I,exercise support delivered mobile phone internet effective increasing cardiorespiratory exercise capacity usual care positive effects selected secondary outcomes including levels self-reported physical activity walking self-efficacy physical aspects health-related quality life,C0015259|C0183683|C1705822|C0231435|C1515258|C0282111|C1280519|C0442808|G0000000|C0015259|C1516240|C3538928|C1947933|C0439178|C1280500|C1707391|C0027627|C1274040|C0332257|C0441889|C0681906|C0031809|C0205177|C0080331|C0600564|C0031809|C1547011|C0018684|C0332306|C0376558
37,"145 ||| Conclusions ||| 5.2 ||| Positive effects were found for physical activity in favour of the intervention, which was likely to be cost-effective, and may have potential to augment existing CR services.",O,positive effects physical activity favour intervention cost-effective potential augment existing cr services,C0439178|C1280500|C0031809|C0205177|C0309049|C0886296|C0010181|C3245505|C0205217|C2987476|C0201975|C0557854
38,11 |||  ||| 0.11 ||| The HEART programme was considered likely to be cost-effective for leisure time activity and walking.,I,heart programme considered cost-effective leisure time activity walking,C0018787|C1709697|C0750591|C0010181|C0086542|C0040223|C0205177|C0080331
39,"18 ||| Introduction ||| 1.3 ||| Despite the documented benefits of CR, participation is inadequate in all countries in which it has been measured.",N,documented benefits cr participation inadequate countries measured,C1301725|C0814225|C0201975|C0679823|C0205412|C0454664|C0444706
40,109 ||| Statistical analyses ||| 3.10 ||| No statistically significant differences were observed in other outcomes between the two groups.,O,statistically differences observed outcomes,C0038215|C1705241|C1441672|C1274040
41,"33 ||| Introduction ||| 1.18 ||| Participants were excluded if they had been admitted to hospital with heart disease within the previous 6 weeks; had terminal cancer, or had significant exercise limitations other than IHD.",P,participants excluded admitted hospital heart disease previous 6 weeks terminal cancer exercise limitations ihd,C0679646|C1554077|C0184666|C0019994|C0018787|C0012634|C0205156|G0000000|C0439230|C0205088|C0006826|C0015259|C0449295|C0151744
42,49 ||| Introduction ||| 1.34 ||| In total it was estimated that using the intervention to its full extent (maximum dose ¼ reading all text messages and using the website) took participants an average of 10 minutes per week.,I,total estimated intervention extent maximum dose reading text messages website participants average 10 minutes week,C0439175|C0750572|C0886296|C0439792|C0806909|C0178602|C0034754|C1527021|C0470166|C2349146|C0679646|C1510992|C0450371|C0439232|C0332174
43,78 ||| Introduction ||| 1.63 ||| All statistical tests were two-tailed and a 5% significance level maintained throughout the analyses.,N,statistical tests two-tailed 5% significance level maintained analyses,C0038215|C0022885|C0205448|G0000000|C0237881|C0441889|C1314677|C0002778
44,"56 ||| Introduction ||| 1.41 ||| Secondary outcomes included self-reported physical activity, self-efficacy and motivation to exercise, and health-related quality of life at 24 weeks.",I,secondary outcomes included self-reported physical activity self-efficacy motivation exercise health-related quality life 24 weeks,C0027627|C1274040|C0332257|C0681906|C0031809|C0205177|C0600564|C0026605|C0015259|C0018684|C0332306|C0376558|C0450371|C0439230
45,86 ||| Results ||| 2.4 ||| Allocation concealment was maintained up to the point of randomization.,I,allocation concealment maintained randomization,C1706778|G0000000|C1314677|C0034656
46,"136 ||| Discussion ||| 4.14 ||| Notwithstanding these positive effects, the findings on physical activity must be interpreted with caution, given they were secondary outcomes assessed using a selfreported measure.",O,notwithstanding positive effects findings physical activity interpreted caution secondary outcomes assessed selfreported measure,G0000000|C0439178|C1280500|C2607943|C0031809|C0205177|C1285553|G0000000|C0027627|C1274040|C1516048|C0681906|C0079809
47,"28 ||| Introduction ||| 1.13 ||| The HEART (Heart Exercise and Remote Technologies) study was a parallel, two-arm, randomized controlled trial of exercise prescription and behavioural support by mobile phone text messages and Internet.",I,heart heart exercise remote technologies study parallel two-arm randomized controlled trial exercise prescription behavioural support mobile phone text messages internet,C0018787|C0018787|C0015259|C0205157|C0039421|C0557651|C2348042|C0205448|C0034656|C2587213|C0008976|C0015259|C0033080|C0004927|C0183683|C0231435|C1515258|C1527021|C0470166|C0282111
48,147 ||| Conclusions ||| 5.4 ||| Baseline assessments.,N,baseline assessments,C0168634|C1261322
49,"35 ||| Introduction ||| 1.20 ||| Eligible participants were recruited from two metropolitan hospitals, and were identified by nurses as inpatients, through outpatient clinics and existing databases.",P,eligible participants recruited metropolitan hospitals identified nurses inpatients outpatient clinics existing databases,C1548635|C0679646|G0000000|C0599587|C0019994|C0205396|C0028661|C0021562|C0029921|C0442592|C2987476|C0242356
50,50 ||| Introduction ||| 1.35 ||| The intervention followed the mHealth development and evaluation framework 28 and was pre-tested and,N,intervention mhealth development evaluation framework 28 pre-tested,C0886296|C2718080|C0243107|C0220825|G0000000|C0450371|C0332152
51,"92 ||| Results ||| 2.10 ||| The majority of participants were male (139/171, 81%), New Zealand European (131/171, 76%), with a mean age of 60 years (SD ¼ 9.3).",P,majority participants male 139/171 81% zealand european 131/171 76% age 60 sd 9 3,C0680220|C0679646|C0086582|C1442061|C0450371|G0000000|C0239307|C1442061|C0450371|C0001779|C0450371|C2699239|G0000000|G0000000
52,107 ||| Statistical analyses ||| 3.8 ||| Flow of participants in study.,N,flow participants study,C0806140|C0679646|C0557651
53,"17 ||| Introduction ||| 1.2 ||| Cardiac rehabilitation (CR), a programme of medication and risk factor education as well as psychological support is an essential part of the contemporary management of people with ischaemic heart disease (IHD).",P,cardiac rehabilitation cr programme medication risk factor education psychological support essential contemporary management people ischaemic heart disease ihd,C0018787|C0034991|C0201975|C1709697|C0013227|C0035647|C1521761|C0013621|C0205486|C0183683|C0205224|G0000000|C0001554|C0027361|C0475224|C0018787|C0012634|C0151744
54,"98 ||| Results ||| 2.16 ||| As shown in Table 3, both groups showed a small increase in PVO 2 from baseline to 24 weeks; however there were no differences between the HEART intervention and control groups (difference À0.2 ml À1 kg min",O,table 3 increase pvo 2 baseline 24 weeks differences heart intervention control difference 0 2 1 min,C0039224|G0000000|C0442805|G0000000|G0000000|C0168634|C0450371|C0439230|C1705241|C0018787|C0886296|C0243148|C1705241|G0000000|G0000000|G0000000|C0702093
55,112 ||| Statistical analyses ||| 3.13 ||| The remaining serious adverse events included cancer diagnosis (n ¼ 3); injury (n ¼ 3) and other illness (n ¼ 10).,N,remaining adverse events included cancer diagnosis 3 injury 3 illness 10,C1527428|G0000000|C0441471|C0332257|C0006826|C0011900|G0000000|C3263722|G0000000|C0221423|C0450371
56,"67 ||| Introduction ||| 1.52 ||| charged, were included for the purposes of this evaluation.",N,charged included purposes evaluation,C1706211|C0332257|C1285529|C0220825
57,"84 ||| Results ||| 2.2 ||| On completion of the baseline assessment, eligible participants were randomly allocated at a 1:1 ratio to either intervention or control group by means of a central computerized service.",I,completion baseline assessment eligible participants randomly allocated 1 1 ratio intervention control central computerized service,C0205197|C0168634|C1261322|C1548635|C0679646|G0000000|G0000000|G0000000|G0000000|C0456603|C0886296|C0243148|C0205099|G0000000|C0557854
58,99 ||| Results ||| 2.17 ||| À1,N,1,G0000000
59,2 |||  ||| 0.2 ||| Aim: To determine the effectiveness and cost-effectiveness of a mobile phone intervention to improve exercise capacity and physical activity behaviour in people with ischaemic heart disease (IHD).,P,aim determine effectiveness cost-effectiveness mobile phone intervention improve exercise capacity physical activity behaviour people ischaemic heart disease ihd,C1947946|G0000000|C1280519|C0010181|C0231435|C1515258|C0886296|G0000000|C0015259|C1516240|C0031809|C0205177|C0004927|C0027361|C0475224|C0018787|C0012634|C0151744
60,125 ||| Discussion ||| 4.3 ||| The intervention is likely to be cost-effective compared to usual care for increasing walking among people with IHD.,O,intervention cost-effective compared usual care increasing walking people ihd,C0886296|C0010181|C1707455|C3538928|C1947933|C0442808|C0080331|C0027361|C0151744
61,"25 ||| Introduction ||| 1.10 ||| Of the 14 studies reviewed, 13 resulted in positive behaviour change outcomes for smoking cessation and diabetes management.",P,14 studies reviewed 13 positive behaviour change outcomes smoking cessation diabetes management,C0450371|C0947630|C0282443|C0450371|C0439178|C0004927|C0392747|C1274040|C0037369|C1880019|C0011847|C0001554
62,"31 ||| Introduction ||| 1.16 ||| All participants were clinically stable as outpatients, able to perform exercise, able to understand and write English, and had access to the Internet (e.g.",I,participants clinically stable outpatients perform exercise understand write english access internet,C0679646|G0000000|C0205360|C0029921|C0884358|C0015259|C0162340|C0043266|C0376245|C0444454|C0282111
63,148 ||| Conclusions ||| 5.5 ||| Treatment effects at 24 weeks for fitness and exercise outcomes.,N,treatment effects 24 weeks fitness exercise outcomes,C0039798|C1280500|C0450371|C0439230|C1456706|C0015259|C1274040
64,"66 ||| Introduction ||| 1.51 ||| Staff costs included a 50% overhead rate, and Web hosting fees, although not",P,staff costs included 50% overhead rate web hosting fees,C0851286|C0010186|C0332257|C0450371|G0000000|C0871208|C0282111|C1167395|C0015751
65,137 ||| Discussion ||| 4.15 ||| The HEART intervention also resulted in greater efficacious beliefs to exercise for greater intensity and increasing duration (task self-efficacy) but not to overcome barriers to be active (barrier efficacy).,I,heart intervention efficacious beliefs exercise intensity increasing duration task self-efficacy overcome barriers active barrier efficacy,C0018787|C0886296|C1280519|C0004951|C0015259|C0522510|C0442808|C0449238|C3540678|C0600564|C2983310|C1706912|C0205177|C1706912|C1280519
66,43 ||| Introduction ||| 1.28 ||| The intervention focused on increasing leisure time physical activity -walking in particular -as well as encouragement to accrue incidental activity through daily tasks such as household chores and active transport.,I,intervention focused increasing leisure time physical activity -walking -as encouragement accrue incidental activity daily tasks household chores active transport,C0886296|C0205234|C0442808|C0086542|C0040223|C0031809|C0205177|C0080331|G0000000|C0870494|G0000000|C0444507|C0205177|C0332173|C3540678|C0020052|C3273800|C0205177|C0005528
67,144 ||| Conclusions ||| 5.1 ||| A mobile phone intervention was not effective at increasing exercise capacity over and above usual care.,O,mobile phone intervention effective increasing exercise capacity usual care,C0231435|C1515258|C0886296|C1280519|C0442808|C0015259|C1516240|C3538928|C1947933
68,101 ||| Statistical analyses ||| 3.2 ||| A formal statistical analysis plan (SAP) was approved by the Trial Steering Committee before datalock.,N,formal statistical analysis plan sap approved trial steering committee datalock,C0348078|C0038215|C0002778|C0270724|C1420017|C0205540|C0008976|C0553654|C2699414|G0000000
69,61 ||| Introduction ||| 1.46 ||| Efficacy strength was calculated by summing the scores and dividing by total number of items used.,O,efficacy strength calculated summing scores dividing total items,C1280519|C0237897|C0444686|C1515051|C0449820|C0332849|C0439175|C1551338
70,"3 |||  ||| 0.3 ||| Methods and results: In this single-blind, parallel, two-arm, randomized controlled trial adults (n ¼ 171) with IHD were randomized to receive a mobile phone delivered intervention (HEART; n ¼ 85) plus usual care, or usual care alone (n ¼ 86).",I,methods single-blind parallel two-arm randomized controlled trial adults 171 ihd randomized receive mobile phone delivered intervention heart 85 usual care usual care 86,C0025663|C0242570|C2348042|C0205448|C0034656|C2587213|C0008976|C0001675|C1442061|C0151744|C0034656|C1514756|C0231435|C1515258|C1705822|C0886296|C0018787|C0450371|C3538928|C1947933|C3538928|C1947933|C0450371
71,"131 ||| Discussion ||| 4.9 ||| In the present study,",N,study,C0557651
72,45 ||| Introduction ||| 1.30 ||| Self-efficacy refers to an individual's beliefs in his or her capabilities to execute necessary courses of action to satisfy situational demands.,N,self-efficacy refers individuals beliefs capabilities execute courses action satisfy situational demands,C0600564|C0205543|C0027361|C0004951|C2698977|C1705848|C0750729|C0441472|G0000000|G0000000|C0441516
73,72 ||| Introduction ||| 1.57 ||| The ICER summarizes the additional cost per unit of health benefit gained by switching from usual care to the HEART intervention.,I,icer summarizes additional cost unit health benefit gained switching usual care heart intervention,C1852403|G0000000|C1524062|C0010186|C0439148|C0018684|C0814225|C1517378|C1707719|C3538928|C1947933|C0018787|C0886296
74,80 ||| Introduction ||| 1.65 ||| Multiple imputations method was applied to the missing data for the primary outcome only.,N,multiple imputations method applied missing data primary outcome,C0439064|C2699638|C0025663|C4048755|C1551393|C1511726|C0205225|C1274040
75,97 ||| Results ||| 2.15 ||| Four participants in each of the respective groups were unable to complete the PVO 2 assessments for medical reasons.,P,participants respective unable complete pvo 2 assessments medical reasons,C0679646|G0000000|C1299582|C0205197|G0000000|G0000000|C1261322|C0199168|C0392360
76,120 ||| Statistical analyses ||| 3.21 ||| We then halved both the potential participant pool and consent rate for a more conservative estimate of 2500.,P,halved potential participant pool consent rate conservative estimate 2500,G0000000|C3245505|C0679646|C0337051|C1511481|C0871208|G0000000|C0750572|G0000000
77,55 ||| Introduction ||| 1.40 ||| Care was taken to ensure that participants exceeded the anaerobic threshold or a respiratory exchange ratio (RER) greater than 1.15 to indicate adequate effort.,I,care ensure participants exceeded anaerobic threshold respiratory exchange ratio rer 1 15 adequate effort,C1947933|C0218063|C0679646|G0000000|C3641081|C0449864|C0521346|C0678640|C0456603|C0230779|G0000000|C0450371|C0205410|C0015264
78,"118 ||| Statistical analyses ||| 3.19 ||| The ICERs per MET-hour of walking and leisure activity a week were $48 (E26) and $74 (E39), respectively.",I,icers met-hour walking leisure activity week 48 e26 74 e39,C1852403|C0268621|C0080331|C0086542|C0205177|C0332174|C0450371|G0000000|C0450371|G0000000
79,"51 ||| Introduction ||| 1.36 ||| The primary outcome of the trial was change in peak oxygen uptake (PVO 2 ) from baseline to 24 weeks, which was determined using respiratory gas analysis during a standardized treadmill exercise testing protocol.",I,primary outcome trial change peak oxygen uptake pvo 2 baseline 24 weeks determined respiratory gas analysis standardized treadmill exercise testing protocol,C0205225|C1274040|C0008976|C0392747|C0444505|C0030054|C0243144|G0000000|G0000000|C0168634|C0450371|C0439230|G0000000|C0521346|C0017110|C0002778|G0000000|C0184069|C0015259|C0039593|C0442711
80,83 ||| Results ||| 2.1 ||| Randomization and blinding,N,randomization blinding,C0034656|C0150108
81,29 ||| Introduction ||| 1.14 ||| The trial was undertaken in New Zealand between 2010 and 2012 (protocol published in 2011) 22 and no changes were made to the study design in this time.,N,trial undertaken zealand 2010 2012 protocol published 2011 22 study design time,C0008976|G0000000|G0000000|G0000000|G0000000|C0442711|C0034037|G0000000|C0450371|C0557651|C1707689|C0040223
82,89 ||| Results ||| 2.7 ||| A total of 171 eligible participants were randomized to the trial (Figure 1).,N,total 171 eligible participants randomized trial figure 1,C0439175|C1442061|C1548635|C0679646|C0034656|C0008976|G0000000|G0000000
83,"6 |||  ||| 0.6 ||| All participants were able to access usual community-based cardiac rehabilitation, which involves encouragement of physical activity and an offer to join a local cardiac support club.",I,participants access usual community-based cardiac rehabilitation involves encouragement physical activity offer join local cardiac support club,C0679646|C0444454|C3538928|C0009462|C0018787|C0034991|G0000000|C0870494|C0031809|C0205177|G0000000|G0000000|C0205276|C0018787|C0183683|C0221096
84,68 ||| Introduction ||| 1.53 ||| Reported costs are in 2012 $NZ exclusive of Goods and Services Tax.,N,reported costs 2012 nz exclusive services tax,C0684224|C0010186|G0000000|C0027978|C1548966|C0557854|C0039371
85,133 ||| Discussion ||| 4.11 ||| It is possible that our exercise regimen may have lacked sufficient progression and intensity to improve exercise capacity.,O,exercise regimen lacked sufficient progression intensity improve exercise capacity,C0015259|C0040808|C0332268|C0205410|C0242656|C0522510|G0000000|C0015259|C1516240
86,"60 ||| Introduction ||| 1.45 ||| For barrier efficacy, participants rated their confidence to overcome seven common reasons (e.g.",N,barrier efficacy participants rated confidence overcome common reasons,C1706912|C1280519|C0679646|C0871208|C0237529|C2983310|C0205214|C0392360
87,"74 ||| Introduction ||| 1.59 ||| In scenario analysis, the intervention was evaluated as an ongoing nationwide programme rather than as a trial.",P,scenario analysis intervention evaluated ongoing nationwide programme trial,C0683579|C0002778|C0886296|C0220825|C0549178|G0000000|C1709697|C0008976
88,"8 |||  ||| 0.8 ||| Results showed no differences in PVO 2 between the two groups (difference À0.21 ml kg À1 min À1 , 95% CI: À1.1, 0.7; p ¼ 0.65) at 24 weeks.",I,differences pvo 2 difference 0 21 1 min 1 95% ci 1 1 0 7 0 65 24 weeks,C1705241|G0000000|G0000000|C1705241|G0000000|C0450371|G0000000|C0702093|G0000000|C0450371|C0008107|G0000000|G0000000|G0000000|G0000000|G0000000|C0450371|C0450371|C0439230
89,40 ||| Introduction ||| 1.25 ||| offer to join a local cardiac club that provides supervised exercise.,I,offer join local cardiac club supervised exercise,G0000000|G0000000|C0205276|C0018787|C0221096|G0000000|C0015259
90,"59 ||| Introduction ||| 1.44 ||| For task efficacy, scores were summed with greater values indicating greater efficacy to exercise for longer periods of time and at a greater level of intensity.",O,task efficacy scores summed values indicating efficacy exercise periods time level intensity,C3540678|C1280519|C0449820|C1515051|C0042295|G0000000|C1280519|C0015259|C0439531|C0040223|C0441889|C0522510
91,34 ||| Introduction ||| 1.19 ||| Study procedures and terms were approved by the New Zealand Multi-region Ethics Committee (NTX/10/10/099).,N,study procedures terms approved zealand multi-region ethics committee ntx/10/10/099,C0557651|C0025664|C0233324|C0205540|G0000000|C0439064|C0015000|C2699414|C0285526
92,"24 ||| Introduction ||| 1.9 ||| Telephone-based interventions can be effective for physical activity behaviour change; 15 however because of high penetration and relatively low costs, 16 mobile phones have the potential to increase the reach of disease self-management or lifestyle coaching interventions for the secondary prevention of IHD.",O,telephone-based interventions effective physical activity behaviour change 15 penetration low costs 16 mobile phones potential increase reach disease self-management lifestyle coaching interventions secondary prevention ihd,C0039457|C0886296|C1280519|C0031809|C0205177|C0004927|C0392747|C0450371|C0205321|C0205251|C0010186|C0450371|C0231435|C1515258|C3245505|C0442805|C2584321|C0012634|C0086969|C0023676|C0557773|C0886296|C0027627|C0199176|C0151744
93,93 ||| Results ||| 2.11 ||| Treatment groups were well balanced at baseline (Table 1 and 2).,N,treatment balanced baseline table 1 2,C0039798|C0205415|C0168634|C0039224|G0000000|G0000000
94,"123 ||| Discussion ||| 4.1 ||| To our knowledge, HEART is the first RCT to evaluate the effectiveness and cost-effectiveness of a mHealth CR exercise programme for people with IHD.",I,knowledge heart rct evaluate effectiveness cost-effectiveness mhealth cr exercise programme people ihd,C0376554|C0018787|G0000000|C0220825|C1280519|C0010181|C2718080|C0201975|C0015259|C1709697|C0027361|C0151744
95,13 |||  ||| 0.13 ||| The intervention was effective and probably cost-effective for increasing physical activity and may have the potential to augment existing cardiac rehabilitation services.,O,intervention effective cost-effective increasing physical activity potential augment existing cardiac rehabilitation services,C0886296|C1280519|C0010181|C0442808|C0031809|C0205177|C3245505|C0205217|C2987476|C0018787|C0034991|C0557854
96,"73 ||| Introduction ||| 1.58 ||| To evaluate uncertainty in the ICER, cost-effectiveness acceptability curves were calculated from non-parametric bootstrapping with 10,000 replications.",O,evaluate uncertainty icer cost-effectiveness acceptability curves calculated non-parametric bootstrapping 10 000 replications,C0220825|C0087130|C1852403|C0010181|C0814633|C0205134|C0444686|C1518422|C2698540|C0450371|C1442061|C0598312
97,21 ||| Introduction ||| 1.6 ||| Secondary hypotheses were that the mHealth intervention would increase physical activity levels and would be associated with increased self-efficacy to be active.,O,secondary hypotheses mhealth intervention increase physical activity levels increased self-efficacy active,C0027627|C1512571|C2718080|C0886296|C0442805|C0031809|C0205177|C0441889|C0205217|C0600564|C0205177
98,"46 ||| Introduction ||| 1.31 ||| This included role model video vignettes, an opportunity to self-monitor progress, as well as information on various forms of physical activity and exercise, energy expenditure, healthy eating advice, and links to other websites (e.g.",I,included role model video vignettes opportunity self-monitor progress forms physical activity exercise energy expenditure healthy eating advice links websites,C0332257|C0035820|C3161035|C0042655|G0000000|G0000000|C0588436|C1272688|C0348078|C0031809|C0205177|C0015259|C0424589|C0015316|C3898900|C0013470|C0150600|C1517892|C2349146
99,"9 |||  ||| 0.9 ||| However significant treatment effects were observed for selected secondary outcomes, including leisure time physical activity (difference 110.2 min/week, 95% CI: À0.8, 221.3; p ¼ 0.05) and walking (difference 151.4 min/week, 95% CI: 27.6, 275.2; p ¼ 0.02).",I,treatment effects observed selected secondary outcomes including leisure time physical activity difference 110 2 min/week 95% ci 0 8 221 3 0 05 walking difference 151 4 min/week 95% ci 27 6 275 2 0 02,C0039798|C1280500|C1441672|C1707391|C0027627|C1274040|C0332257|C0086542|C0040223|C0031809|C0205177|C1705241|C1442061|G0000000|C0702093|C0450371|C0008107|G0000000|G0000000|C1442061|G0000000|G0000000|C0450371|C0080331|C1705241|C1442061|G0000000|C0702093|C0450371|C0008107|C0450371|G0000000|C1442061|G0000000|G0000000|C0450371
100,"87 ||| Results ||| 2.5 ||| This was a single-blind trial, where outcome assessors were blinded to treatment allocation.",N,single-blind trial outcome assessors blinded treatment allocation,C0242570|C0008976|C1274040|C1707957|C0150108|C0039798|C1706778
101,"117 ||| Statistical analyses ||| 3.18 ||| If the decisionmaker was willing to pay $20,000 (E10,600) -a threshold commonly accepted as cost-effective in New Zealand -and $50,000 (E26,500) per QALY, there would be a 72% and 90% probability, respectively, that the intervention would be cost-effective.",I,decisionmaker pay 20 000 e10 600 -a threshold commonly accepted cost-effective zealand -and 50 000 e26 500 qaly 72% 90% probability intervention cost-effective,G0000000|C0871051|C0450371|C1442061|G0000000|C1442061|G0000000|C0449864|G0000000|C1272684|C0010181|G0000000|G0000000|C0450371|C1442061|G0000000|C1442061|C0080071|C0450371|C0450371|C0033204|C0886296|C0010181
102,53 ||| Introduction ||| 1.38 ||| All testing was conducted in accordance with the ACSM guidelines 30 by a trained exercise physiologist blinded to treatment allocation.,I,testing conducted acsm guidelines 30 trained exercise physiologist blinded treatment allocation,C0039593|C0004927|G0000000|C0162791|C0450371|C0336809|C0015259|C0260141|C0150108|C0039798|C1706778
103,"64 ||| Introduction ||| 1.49 ||| For the cost-effectiveness analyses, we collected information on the costs of implementing and delivering the intervention only.",I,cost-effectiveness analyses collected costs implementing delivering intervention,C0010181|C0002778|C1516695|C0010186|G0000000|C0308779|C0886296
104,"108 ||| Statistical analyses ||| 3.9 ||| SF36 (difference 2.1, 95% CI: 0.1, 4.1; p ¼ 0.03) at 24 weeks (Table 4).",O,sf36 difference 2 1 95% ci 0 1 4 1 0 03 24 weeks table 4,G0000000|C1705241|G0000000|G0000000|C0450371|C0008107|G0000000|G0000000|G0000000|G0000000|G0000000|C0450371|C0450371|C0439230|C0039224|G0000000
105,"134 ||| Discussion ||| 4.12 ||| Alternatively, the intensity aspect of the text messages may not have resonated with participants, such that their own perceptions of moderate to vigorous intensity were likely to be lower than the true physiological intensity required to impact on exercise capacity.",I,alternatively intensity aspect text messages resonated participants perceptions moderate vigorous intensity lower true physiological intensity required impact exercise capacity,G0000000|C0522510|C1547011|C1527021|C0470166|G0000000|C0679646|C0030971|C0205081|G0000000|C0522510|C0441994|C0205238|C0205463|C0522510|C1514873|C1825598|C0015259|C1516240
106,"105 ||| Statistical analyses ||| 3.6 ||| There were also significant improvements in selfefficacy to be active (difference 6.2%, 95% CI: 0.2, 12.2; p ¼ 0.04) and the general health domain of the [1][2][3][4][5][6][7][8][9] //blrnas3/cenpro/ApplicationFiles/Journals/SAGE/3B2/CPRJ/Vol00000/140062/APPFile/SG-CPRJ140062.3d",O,improvements selfefficacy active difference 6 2% 95% ci 0 2 12 2 0 04 health domain 123456789 //blrnas3/cenpro/applicationfiles/journals/sage/3b2/cprj/vol00000/140062/appfile/sg-cprj140062 3d,C2986411|C0600564|C0205177|C1705241|G0000000|G0000000|C0450371|C0008107|G0000000|G0000000|C0450371|G0000000|G0000000|C0450371|C0018684|C1880389|G0000000|C0162443|C0043316
107,70 ||| Introduction ||| 1.55 ||| The EQ-5D (NZ tariff 2) was used to obtain a single preference index for the estimation of quality-adjusted life years (QALYs).,N,eq-5d nz tariff 2 single preference estimation quality-adjusted life qalys,C0205163|C0027978|G0000000|G0000000|C0037179|C0558295|C0680844|C0332306|C0376558|C0080071
108,110 ||| Statistical analyses ||| 3.11 ||| Twenty-two participants reported 31 serious adverse events.,N,twenty-two participants reported 31 adverse events,C0724000|C0679646|C0684224|C0450371|G0000000|C0441471
109,63 ||| Introduction ||| 1.48 ||| Economic evaluation,N,economic evaluation,C0013556|C0220825
110,12 |||  ||| 0.12 ||| Conclusions: A mobile phone intervention was not effective at increasing exercise capacity over and above usual care.,O,conclusions mobile phone intervention effective increasing exercise capacity usual care,C1707478|C0231435|C1515258|C0886296|C1280519|C0442808|C0015259|C1516240|C3538928|C1947933
111,"26 ||| Introduction ||| 1.11 ||| However, to date a mobile phone delivered text message intervention to enhance exercise behaviour has not been examined in a CVD population.",I,mobile phone delivered text message intervention enhance exercise behaviour examined cvd population,C0231435|C1515258|C1705822|C1527021|C0470166|C0886296|C2349975|C0015259|C0004927|C0332128|C0007222|C0032659
112,"103 ||| Statistical analyses ||| 3.4 ||| There was a significant increase in self-reported leisure time physical activity (difference 110.2 min/week, 95% CI: À0.8, 221.3; p ¼ 0.05) and walking (difference 151.4 min/ week, 95% CI: 27.6, 275.2; p ¼ 0.02) at 24 weeks in favour of the HEART intervention, which represented increases of 40% and 42%, respectively.",I,increase self-reported leisure time physical activity difference 110 2 min/week 95% ci 0 8 221 3 0 05 walking difference 151 4 min/ week 95% ci 27 6 275 2 0 02 24 weeks favour heart intervention represented increases 40% 42%,C0442805|C0681906|C0086542|C0040223|C0031809|C0205177|C1705241|C1442061|G0000000|C0702093|C0450371|C0008107|G0000000|G0000000|C1442061|G0000000|G0000000|C0450371|C0080331|C1705241|C1442061|G0000000|C0702093|C0332174|C0450371|C0008107|C0450371|G0000000|C1442061|G0000000|G0000000|C0450371|C0450371|C0439230|C0309049|C0018787|C0886296|C1882932|C0205217|C0450371|C0450371
113,"32 ||| Introduction ||| 1.17 ||| Eligible participants were randomized to either receive an exercise intervention delivered via mobile phone, or to usual care, with encouragement to be physically active and attend a cardiac club.",I,eligible participants randomized receive exercise intervention delivered mobile phone usual care encouragement physically active attend cardiac club,C1548635|C0679646|C0034656|C1514756|C0015259|C0886296|C1705822|C0231435|C1515258|C3538928|C1947933|C0870494|G0000000|C0205177|C1999232|C0018787|C0221096
114,"5 |||  ||| 0.5 ||| The HEART (Heart Exercise And Remote Technologies) intervention involved a personalized, automated package of text messages and a secure website with video messages aimed at increasing exercise behaviour, delivered over 24 weeks.",I,heart heart exercise remote technologies intervention involved personalized automated package text messages secure website video messages aimed increasing exercise behaviour delivered 24 weeks,C0018787|C0018787|C0015259|C0205157|C0039421|C0886296|C1314939|C1709510|C0205554|C0013194|C1527021|C0470166|C0659450|C2349146|C0042655|C0470166|C1947946|C0442808|C0015259|C0004927|C1705822|C0450371|C0439230
115,106 ||| Statistical analyses ||| 3.7 ||| (CPR) [PREPRINTER stage] Maddison et al.,N,cpr preprinter stage maddison al,C0007203|G0000000|C0205390|G0000000|C0202311
116,113 ||| Statistical analyses ||| 3.14 ||| Only one serious adverse event was related to the study treatment with a participant hospitalized following a cycling accident.,N,adverse event study treatment participant hospitalized cycling accident,G0000000|C0441471|C0557651|C0039798|C0679646|C0701159|C1511572|C0000924
117,"135 ||| Discussion ||| 4.13 ||| Maximal exercise capacity is a strong predictor of mortality in people with CVD 38,39 and previous studies have demonstrated a dose-response relationship between levels of physical fitness and risk of both CHD and CVD mortality.",O,maximal exercise capacity strong predictor mortality people cvd 38 39 previous studies demonstrated dose-response relationship levels physical fitness risk chd cvd mortality,C0205289|C0015259|C1516240|C0442821|C2698872|C0026565|C0027361|C0007222|C0450371|C0450371|C0205156|C0947630|G0000000|C4055118|C0439849|C0441889|C0031809|C1456706|C0035647|C0280604|C0007222|C0026565
118,90 ||| Results ||| 2.8 ||| Eligible participants were recruited from May 2011 to October 2012 via two Auckland (population 1.4 million) hospitals.,P,eligible participants recruited 2011 october 2012 auckland population 1 4 hospitals,C1548635|C0679646|G0000000|G0000000|C3828732|G0000000|G0000000|C0032659|G0000000|G0000000|C0019994
119,75 ||| Introduction ||| 1.60 ||| Set-up costs were amortized at 3.5% over 4 years (the minimum estimated lifetime of the technological investment) over the potential national participant pool.,I,set-up costs amortized 3 5% 4 minimum estimated lifetime technological investment potential national participant pool,C1521827|C0010186|G0000000|G0000000|G0000000|G0000000|C1524031|C0750572|C4071830|C0039421|C0021953|C3245505|C3245503|C0679646|C0337051
120,"143 ||| Discussion ||| 4.21 ||| There are no other similar interventions for comparison; however, previous economic evaluations have shown that CR is cost-effective for those who participate.",O,interventions comparison previous economic evaluations cr cost-effective participate,C0886296|C1707455|C0205156|C0013556|C0220825|C0201975|C0010181|G0000000
121,"130 ||| Discussion ||| 4.8 ||| The major limitation of this trial was the self-reported measure of physical activity behaviour, which is associated with recall bias.",O,major limitation trial self-reported measure physical activity behaviour recall bias,C0205082|C0449295|C0008976|C0681906|C0079809|C0031809|C0205177|C0004927|C0034770|C0242568
122,19 ||| Introduction ||| 1.4 ||| The aim of this trial was to determine the effectiveness and cost-effectiveness of a mobile health (mHealth) delivered exercise CR programme for people with IHD to improve exercise capacity and physical activity levels compared to current services.,P,aim trial determine effectiveness cost-effectiveness mobile health mhealth delivered exercise cr programme people ihd improve exercise capacity physical activity levels compared current services,C1947946|C0008976|G0000000|C1280519|C0010181|C0231435|C0018684|C2718080|C1705822|C0015259|C0201975|C1709697|C0027361|C0151744|G0000000|C0015259|C1516240|C0031809|C0205177|C0441889|C1707455|C0521116|C0557854
123,"77 ||| Introduction ||| 1.62 ||| However, to provide a conservative estimate, the monthly maintenance costs were doubled and split over potential participants for the 6-month intervention period.",O,provide conservative estimate monthly maintenance costs doubled split potential participants 6-month intervention period,C1999230|G0000000|C0750572|C0332177|C0024501|C0010186|C0205173|C1534709|C3245505|C0679646|C0332177|C0886296|C0439531
124,140 ||| Discussion ||| 4.18 ||| The barriers (e.g.,N,barriers,C1706912
125,"27 ||| Introduction ||| 1.12 ||| A randomized controlled trial was required to determine the effectiveness, safety and acceptability of such an approach.",I,randomized controlled trial required determine effectiveness safety acceptability approach,C0034656|C2587213|C0008976|C1514873|G0000000|C1280519|C0036043|C0814633|C0449445
126,"52 ||| Introduction ||| 1.37 ||| A Moxus (AEI Technologies Inc., Pittsburgh, USA) metabolic cart was used to obtain breathby-breath measurements of VO 2 and carbon dioxide production (VCO 2 ).",I,moxus aei technologies pittsburgh usa metabolic cart breathby-breath measurements vo 2 carbon dioxide production vco 2,C0536495|C1843463|C0039421|G0000000|C0041703|C0311400|C0179636|C0225386|C0242485|G0000000|G0000000|C0007009|C0678717|C0033268|G0000000|G0000000
127,"111 ||| Statistical analyses ||| 3.12 ||| Of these, 15 were cardiac related (angina/chest pain ¼ 4; stenosis ¼ 2; heart palpitations ¼ 1; shortness of breath ¼ 2; dizziness ¼ 1; pericarditis ¼ 3; ventricular tachycardia ¼ 2).",P,15 cardiac angina/chest pain 4 stenosis 2 heart palpitations 1 shortness breath 2 dizziness 1 pericarditis 3 ventricular tachycardia 2,C0450371|C0018787|C0002962|C0030193|G0000000|C0678234|G0000000|C0018787|C0030252|G0000000|C1282927|C0225386|G0000000|C0012833|G0000000|C0031046|G0000000|C0018827|C0039231|G0000000
128,62 ||| Introduction ||| 1.47 ||| Health-related quality of life was assessed using the standard version of the Short Form SF36 version 2 33 and EQ-5D.,I,health-related quality life assessed standard version short form sf36 version 2 33 eq-5d,C0018684|C0332306|C0376558|C1516048|C1442989|C0333052|C1282927|C0348078|G0000000|C0333052|G0000000|C0450371|C0205163
129,146 ||| Conclusions ||| 5.3 ||| More intensive exercise prescription may result in greater improvement of exercise capacity.,O,intensive exercise prescription result improvement exercise capacity,C0162425|C0015259|C0033080|C1274040|C2986411|C0015259|C1516240
130,71 ||| Introduction ||| 1.56 ||| Incremental cost-effectiveness ratios (ICERs) per QALY and for outcomes with a significant treatment effect were calculated.,N,incremental cost-effectiveness ratios icers qaly outcomes treatment calculated,C1705117|C0010181|C0456603|C1852403|C0080071|C1274040|C0039798|C0444686
131,82 ||| Introduction ||| 1.67 ||| A similar approach was used for other continuous secondary outcome measures.,O,approach continuous secondary outcome measures,C0449445|C0549178|C0027627|C1274040|C0079809
132,"141 ||| Discussion ||| 4.19 ||| The HEART intervention also had a positive effect on participant's perception of general health, with a 1.6 point increase in the physical component score of the SF-36, which is consistent with previous telehealth trials in people with CVD.",O,heart intervention positive participants perception health 1 6 increase physical component score sf-36 consistent previous telehealth trials people cvd,C0018787|C0886296|C0439178|C0679646|C0030971|C0018684|G0000000|G0000000|C0442805|C0031809|C0449432|C0449820|C0037712|C0332290|C0205156|C0162648|C0008976|C0027361|C0007222
133,149 ||| Conclusions ||| 5.6 ||| Treatment effects at 24 weeks for psychological variables and health-related quality of life.,O,treatment effects 24 weeks psychological variables health-related quality life,C0039798|C1280500|C0450371|C0439230|C0205486|C0439828|C0018684|C0332306|C0376558
134,14 |||  ||| 0.14 ||| Keywords,N,keywords,C1708608
135,"132 ||| Discussion ||| 4.10 ||| we focused on domain specific physical activity (leisure time), which is consistent with recommendations by developers of the IPAQ.",O,focused domain specific physical activity leisure time consistent recommendations developers ipaq,C0205234|C1880389|C0205369|C0031809|C0205177|C0086542|C0040223|C0332290|C0034866|C2363670|G0000000
136,"127 ||| Discussion ||| 4.5 ||| The use of computer randomization ensured allocation concealment was maintained, and baseline prognostic factors were well balanced.",N,computer randomization ensured allocation concealment maintained baseline prognostic factors balanced,C0009622|C0034656|C0218063|C1706778|G0000000|C1314677|C0168634|C0220901|C1521761|C0205415
137,"10 |||  ||| 0.10 ||| There were also significant improvements in self-efficacy to be active (difference 6.2%, 95% CI: 0.2, 12.2; p ¼ 0.04) and the general health domain of the SF36 (difference 2.1, 95% CI: 0.1, 4.1; p ¼ 0.03) at 24 weeks.",O,improvements self-efficacy active difference 6 2% 95% ci 0 2 12 2 0 04 health domain sf36 difference 2 1 95% ci 0 1 4 1 0 03 24 weeks,C2986411|C0600564|C0205177|C1705241|G0000000|G0000000|C0450371|C0008107|G0000000|G0000000|C0450371|G0000000|G0000000|C0450371|C0018684|C1880389|G0000000|C1705241|G0000000|G0000000|C0450371|C0008107|G0000000|G0000000|G0000000|G0000000|G0000000|C0450371|C0450371|C0439230
138,1 |||  ||| 0.1 ||| Ralph Maddison,N,ralph maddison,G0000000|G0000000
139,"100 ||| Statistical analyses ||| 3.1 ||| Based on previous research, 35 an a priori sample size estimate indicated that 170 participants (85 per group) would provide 90% power at 5% level of significance (two-sided) to detect a treatment difference of at least 2.5 ml À1 kg min À1 between the two groups, on change in PVO 2 from baseline to 24 weeks assuming a standard deviation of 5 ml À1 kg min À1 .",N,based previous 35 priori sample size estimate 170 participants 85 provide 90% power 5% level significance two-sided detect treatment difference 2 5 1 min 1 change pvo 2 baseline 24 weeks assuming standard deviation 5 1 min 1,C1527178|C0205156|C0450371|G0000000|C0370003|C0456389|C0750572|C1442061|C0679646|C0450371|C1999230|C0450371|C0032863|G0000000|C0441889|C0237881|C0205448|C0442726|C0039798|C1705241|G0000000|G0000000|G0000000|C0702093|G0000000|C0392747|G0000000|G0000000|C0168634|C0450371|C0439230|G0000000|C1442989|C0012727|G0000000|G0000000|C0702093|G0000000
140,"15 |||  ||| 0.15 ||| Exercise, mobile phones, text messaging, rehabilitation, self-efficacy, trials",I,exercise mobile phones text messaging rehabilitation self-efficacy trials,C0015259|C0231435|C1515258|C1527021|C0470166|C0034991|C0600564|C0008976
141,91 ||| Results ||| 2.9 ||| Participants attended clinic visits at the time of randomization (baseline) and six months later.,I,participants attended clinic visits time randomization baseline months,C0679646|C1456498|C0002424|C0545082|C0040223|C0034656|C0168634|C0439231
142,"4 |||  ||| 0.4 ||| Adult participants aged 18 years or more, with a diagnosis of IHD, were clinically stable as outpatients, able to perform exercise, able to understand and write English, and had access to the Internet.",P,adult participants aged 18 diagnosis ihd clinically stable outpatients perform exercise understand write english access internet,C0001675|C0679646|C0001779|C0450371|C0011900|C0151744|G0000000|C0205360|C0029921|C0884358|C0015259|C0162340|C0043266|C0376245|C0444454|C0282111
143,"88 ||| Results ||| 2.6 ||| However, it was not possible to blind trial participants to their allocation.",N,blind trial participants allocation,C0150108|C0008976|C0679646|C1706778
144,"54 ||| Introduction ||| 1.39 ||| A graded protocol was initiated at a comfortable walking speed, and the gradient was increased by two degrees every 60 s until volitional exhaustion.",I,graded protocol initiated comfortable walking speed gradient increased degrees 60 volitional exhaustion,C0441800|C0442711|C1548602|G0000000|C0080331|C0678536|C0439182|C0205217|C0449286|C0450371|C0042950|C0392674
145,58 ||| Introduction ||| 1.43 ||| Self-reported physical activity levels were assessed using the International Physical Activity Questionnaire long form (IPAQ-LF).,I,self-reported physical activity levels assessed international physical activity questionnaire form ipaq-lf,C0681906|C0031809|C0205177|C0441889|C1516048|C1512888|C0031809|C0205177|C0034394|C0348078|C1416933
146,126 ||| Discussion ||| 4.4 ||| This study has several strengths.,N,study strengths,C0557651|C0808080
147,"104 ||| Statistical analyses ||| 3.5 ||| For the other activity domains (total activity, active transport and domestic/gardening, and reduced sitting time), there were no statistically significant differences.",O,activity domains total activity active transport domestic/gardening reduced sitting time statistically differences,C0205177|C1880389|C0439175|C0205177|C0205177|C0005528|C0442569|C0392756|C0277814|C0040223|C0038215|C1705241
148,"122 ||| Statistical analyses ||| 3.23 ||| QALY, with a 95% probability the intervention is costeffective at a willingness to pay of $20,000 (E10,600) per QALY, The ICERs per MET-hour of walking and leisure activity a week were, respectively, $4.45 (E2.37) and $6.95 (E3.70).",I,qaly 95% probability intervention costeffective willingness pay 20 000 e10 600 qaly icers met-hour walking leisure activity week 4 45 e2 37 6 95 e3 70,C0080071|C0450371|C0033204|C0886296|C0010181|C0600109|C0871051|C0450371|C1442061|G0000000|C1442061|C0080071|C1852403|C0268621|C0080331|C0086542|C0205177|C0332174|G0000000|C0450371|C1704625|C0450371|G0000000|C0450371|C1704625|C0450371
149,"42 ||| Introduction ||| 1.27 ||| They received six messages per week for the first 12 weeks, five messages per week for 6 weeks and then four messages per week for the remaining 6 weeks (total 24 weeks).",I,received messages week 12 weeks messages week 6 weeks messages week remaining 6 weeks total 24 weeks,C1514756|C0470166|C0332174|C0450371|C0439230|C0470166|C0332174|G0000000|C0439230|C0470166|C0332174|C1527428|G0000000|C0439230|C0439175|C0450371|C0439230
